,X_position,Y_position,Intensity value
0,10,8,43.551094890510946
1,25,16,46.1021897810219
2,40,8,45.941605839416056
3,55,16,47.24452554744526
4,70,8,45.832116788321166
5,85,16,48.715328467153284
6,100,8,47.41970802919708
7,115,16,50.86496350364963
8,130,8,50.5
9,145,16,55.57664233576642
10,160,8,52.21897810218978
11,175,16,54.5985401459854
12,190,8,55.9014598540146
13,205,16,57.71897810218978
14,220,8,59.22627737226277
15,235,16,62.41605839416058
16,250,8,63.6970802919708
17,265,16,66.78467153284672
18,280,8,70.74452554744525
19,295,16,78.3029197080292
20,310,8,86.83211678832116
21,325,16,82.24087591240875
22,340,8,89.37956204379562
23,355,16,83.38321167883211
24,370,8,83.38686131386861
25,385,16,87.92335766423358
26,400,8,88.55109489051095
27,415,16,91.95620437956204
28,430,8,95.0036496350365
29,445,16,96.2043795620438
30,460,8,99.43430656934306
31,475,16,101.40875912408758
32,490,8,102.82846715328466
33,505,16,110.28832116788321
34,520,8,110.5
35,535,16,113.2043795620438
36,550,8,115.3941605839416
37,565,16,119.81386861313868
38,580,8,122.57664233576642
39,595,16,127.61678832116787
40,610,8,129.81386861313868
41,625,16,134.56569343065692
42,640,8,137.2956204379562
43,655,16,141.62773722627736
44,670,8,144.15693430656933
45,685,16,149.16788321167883
46,700,8,151.76642335766422
47,715,16,158.21167883211677
48,730,8,169.9890510948905
49,745,16,176.1167883211679
50,760,8,221.95255474452554
51,775,16,227.47810218978103
52,790,8,215.9817518248175
53,805,16,188.01824817518246
54,820,8,198.94525547445255
55,835,16,207.01094890510947
56,850,8,211.16058394160584
57,865,16,217.007299270073
58,880,8,219.54014598540147
59,895,16,218.6058394160584
60,910,8,218.12043795620437
61,925,16,222.6788321167883
62,940,8,226.7007299270073
63,955,16,232.02189781021897
64,970,8,236.62043795620437
65,985,16,241.0
66,1000,8,247.43065693430657
67,1015,16,248.82846715328466
68,1030,8,251.1934306569343
69,1045,16,251.84671532846716
70,1060,8,245.81021897810217
71,1075,16,250.85401459854015
72,1090,8,249.82846715328466
73,1105,16,250.6715328467153
74,1120,8,243.8978102189781
75,1135,16,217.94160583941604
76,1150,8,215.65328467153284
77,1165,16,214.16423357664232
78,1180,8,214.2992700729927
79,10,25,45.57299270072993
80,25,33,46.64598540145985
81,40,25,46.0
82,55,33,47.5985401459854
83,70,25,52.47445255474452
84,85,33,61.12773722627737
85,100,25,54.34671532846715
86,115,33,56.12773722627737
87,130,25,57.215328467153284
88,145,33,60.802919708029194
89,160,25,57.16423357664233
90,175,33,59.412408759124084
91,190,25,57.24452554744526
92,205,33,63.981751824817515
93,220,25,60.98540145985401
94,235,33,65.0948905109489
95,250,25,65.05474452554745
96,265,33,68.72627737226277
97,280,25,68.87956204379562
98,295,33,71.88321167883211
99,310,25,73.92335766423358
100,325,33,76.56569343065694
101,340,25,80.7919708029197
102,355,33,81.57299270072993
103,370,25,88.7007299270073
104,385,33,87.02189781021897
105,400,25,90.75912408759123
106,415,33,92.04014598540145
107,430,25,94.31386861313868
108,445,33,98.08759124087591
109,460,25,102.95620437956204
110,475,33,111.56934306569343
111,490,25,109.72992700729927
112,505,33,109.1861313868613
113,520,25,111.25182481751824
114,535,33,114.99270072992701
115,550,25,117.57299270072993
116,565,33,122.01824817518248
117,580,25,124.7919708029197
118,595,33,129.46350364963504
119,610,25,132.20437956204378
120,625,33,136.95985401459853
121,640,25,139.51094890510947
122,655,33,144.66423357664232
123,670,25,146.8941605839416
124,685,33,152.23357664233575
125,700,25,154.82116788321167
126,715,33,160.65693430656933
127,730,25,205.5729927007299
128,745,33,239.992700729927
129,760,25,228.21532846715328
130,775,33,238.1788321167883
131,790,25,218.85401459854015
132,805,33,211.0875912408759
133,820,25,208.4160583941606
134,835,33,209.68613138686132
135,850,25,213.06204379562044
136,865,33,216.4817518248175
137,880,25,221.2810218978102
138,895,33,214.00364963503648
139,910,25,215.67518248175182
140,925,33,221.24087591240874
141,940,25,229.3978102189781
142,955,33,234.5985401459854
143,970,25,238.55839416058393
144,985,33,241.3795620437956
145,1000,25,247.75182481751824
146,1015,33,247.74817518248173
147,1030,25,250.00364963503648
148,1045,33,252.42335766423358
149,1060,25,250.20437956204378
150,1075,33,249.0
151,1090,25,249.36496350364962
152,1105,33,252.3868613138686
153,1120,25,238.6934306569343
154,1135,33,223.6715328467153
155,1150,25,215.14598540145985
156,1165,33,216.02919708029196
157,1180,25,214.95985401459853
158,10,42,47.660583941605836
159,25,50,48.956204379562045
160,40,42,48.18613138686131
161,55,50,49.4014598540146
162,70,42,49.06204379562044
163,85,50,50.45255474452554
164,100,42,57.00729927007299
165,115,50,55.0
166,130,42,55.72627737226277
167,145,50,57.18978102189781
168,160,42,61.05839416058394
169,175,50,61.47445255474452
170,190,42,64.37226277372262
171,205,50,64.48175182481752
172,220,42,67.67518248175182
173,235,50,68.72627737226277
174,250,42,72.48905109489051
175,265,50,73.41970802919708
176,280,42,73.07664233576642
177,295,50,73.87226277372262
178,310,42,75.00729927007299
179,325,50,78.16058394160584
180,340,42,79.50729927007299
181,355,50,82.55474452554745
182,370,42,84.27372262773723
183,385,50,88.0036496350365
184,400,42,89.65328467153284
185,415,50,93.40145985401459
186,430,42,96.10218978102189
187,445,50,100.21897810218978
188,460,42,105.85766423357664
189,475,50,104.53649635036496
190,490,42,106.74817518248175
191,505,50,110.4963503649635
192,520,42,112.96350364963503
193,535,50,116.95620437956204
194,550,42,119.41240875912408
195,565,50,123.7007299270073
196,580,42,126.25547445255474
197,595,50,131.03284671532847
198,610,42,134.16788321167883
199,625,50,139.37591240875912
200,640,42,142.6094890510949
201,655,50,147.72992700729927
202,670,42,150.15693430656933
203,685,50,154.9087591240876
204,700,42,157.34671532846716
205,715,50,163.02554744525546
206,730,42,199.34671532846716
207,745,50,218.9160583941606
208,760,42,241.33576642335765
209,775,50,231.66058394160584
210,790,42,222.81021897810217
211,805,50,215.36496350364962
212,820,42,211.22992700729927
213,835,50,212.32481751824818
214,850,42,212.34671532846716
215,865,50,216.81021897810217
216,880,42,215.42335766423358
217,895,50,214.9963503649635
218,910,42,216.06204379562044
219,925,50,221.23357664233575
220,940,42,224.93430656934305
221,955,50,230.4087591240876
222,970,42,239.5985401459854
223,985,50,245.35766423357663
224,1000,42,245.5802919708029
225,1015,50,250.21897810218977
226,1030,42,249.06934306569343
227,1045,50,250.82846715328466
228,1060,42,251.36131386861314
229,1075,50,251.21532846715328
230,1090,42,248.18613138686132
231,1105,50,247.7956204379562
232,1120,42,252.06204379562044
233,1135,50,248.0839416058394
234,1150,42,217.30291970802918
235,1165,50,231.2810218978102
236,1180,42,232.96350364963502
237,10,59,49.97080291970803
238,25,67,51.2956204379562
239,40,59,50.39051094890511
240,55,67,51.894160583941606
241,70,59,51.18613138686131
242,85,67,52.583941605839414
243,100,59,52.32116788321168
244,115,67,54.302919708029194
245,130,59,54.565693430656935
246,145,67,56.75912408759124
247,160,59,57.6970802919708
248,175,67,60.04014598540146
249,190,59,60.71897810218978
250,205,67,63.7956204379562
251,220,59,65.23357664233576
252,235,67,67.5985401459854
253,250,59,70.26642335766424
254,265,67,71.76642335766424
255,280,59,72.83941605839416
256,295,67,76.22627737226277
257,310,59,77.10948905109488
258,325,67,80.64598540145985
259,340,59,81.54014598540145
260,355,67,85.01094890510949
261,370,59,86.30656934306569
262,385,67,90.26277372262773
263,400,59,91.98905109489051
264,415,67,96.32846715328466
265,430,59,97.8978102189781
266,445,67,101.7007299270073
267,460,59,103.21532846715328
268,475,67,106.90875912408758
269,490,59,108.44890510948905
270,505,67,112.6934306569343
271,520,59,115.01824817518248
272,535,67,118.83211678832116
273,550,59,121.35401459854015
274,565,67,125.6934306569343
275,580,59,128.0912408759124
276,595,67,133.2992700729927
277,610,59,136.17883211678833
278,625,67,144.54379562043795
279,640,59,145.76642335766422
280,655,67,159.55839416058393
281,670,59,153.47810218978103
282,685,67,191.42700729927006
283,700,59,163.27007299270073
284,715,67,183.01459854014598
285,730,59,180.61313868613138
286,745,67,225.5985401459854
287,760,59,210.62773722627736
288,775,67,223.42335766423358
289,790,59,220.4817518248175
290,805,67,218.82116788321167
291,820,59,217.4963503649635
292,835,67,220.52189781021897
293,850,59,217.17518248175182
294,865,67,223.64963503649633
295,880,59,217.54014598540147
296,895,67,218.12773722627736
297,910,59,218.25182481751824
298,925,67,219.82116788321167
299,940,59,223.33576642335765
300,955,67,231.84671532846716
301,970,59,245.16058394160584
302,985,67,251.54379562043795
303,1000,59,250.74452554744525
304,1015,67,251.9817518248175
305,1030,59,249.71532846715328
306,1045,67,250.54379562043795
307,1060,59,252.85401459854015
308,1075,67,248.72627737226276
309,1090,59,247.3722627737226
310,1105,67,246.55474452554745
311,1120,59,250.40510948905109
312,1135,67,247.31386861313868
313,1150,59,250.25912408759123
314,1165,67,244.0839416058394
315,1180,59,244.62408759124088
316,10,76,52.55474452554744
317,25,84,53.86131386861314
318,40,76,52.565693430656935
319,55,84,54.20437956204379
320,70,76,53.25182481751825
321,85,84,54.97080291970803
322,100,76,54.46715328467153
323,115,84,56.75912408759124
324,130,76,56.58029197080292
325,145,84,59.098540145985396
326,160,76,59.36861313868613
327,175,84,62.28832116788321
328,190,76,62.94525547445255
329,205,84,65.88686131386861
330,220,76,66.74452554744525
331,235,84,69.84306569343066
332,250,76,70.43065693430657
333,265,84,73.83576642335767
334,280,76,74.9963503649635
335,295,84,78.31386861313868
336,310,76,79.44890510948905
337,325,84,82.8905109489051
338,340,76,84.14233576642336
339,355,84,87.7919708029197
340,370,76,89.05839416058394
341,385,84,92.95255474452554
342,400,76,94.63503649635037
343,415,84,98.46715328467153
344,430,76,100.36131386861314
345,445,84,103.7080291970803
346,460,76,105.42335766423358
347,475,84,108.83941605839415
348,490,76,111.02919708029196
349,505,84,115.17153284671532
350,520,76,116.99270072992701
351,535,84,121.44525547445255
352,550,76,123.33211678832116
353,565,84,128.5
354,580,76,131.01459854014598
355,595,84,138.75912408759123
356,610,76,143.00364963503648
357,625,84,204.8868613138686
358,640,76,213.5912408759124
359,655,84,243.65328467153284
360,670,76,221.64963503649633
361,685,84,244.2080291970803
362,700,76,247.52189781021897
363,715,84,234.3832116788321
364,730,76,235.60948905109487
365,745,84,232.82116788321167
366,760,76,217.40510948905109
367,775,84,221.63138686131387
368,790,76,221.35036496350364
369,805,84,224.51459854014598
370,820,76,224.3905109489051
371,835,84,227.73722627737226
372,850,76,224.32116788321167
373,865,84,229.8868613138686
374,880,76,221.33941605839416
375,895,84,223.51094890510947
376,910,76,220.3722627737226
377,925,84,222.30291970802918
378,940,76,223.00364963503648
379,955,84,232.26277372262774
380,970,76,243.47445255474452
381,985,84,248.87591240875912
382,1000,76,252.05474452554745
383,1015,84,252.84671532846716
384,1030,76,251.85766423357663
385,1045,84,249.0839416058394
386,1060,76,248.492700729927
387,1075,84,241.45255474452554
388,1090,76,241.94160583941604
389,1105,84,241.21897810218977
390,1120,76,244.16058394160584
391,1135,84,243.89416058394158
392,1150,76,247.07664233576642
393,1165,84,249.6715328467153
394,1180,76,251.26277372262774
395,10,93,55.57299270072993
396,25,101,56.78832116788321
397,40,93,55.23357664233576
398,55,101,57.021897810218974
399,70,93,55.9014598540146
400,85,101,57.71167883211679
401,100,93,57.31386861313869
402,115,101,59.419708029197075
403,130,93,59.29197080291971
404,145,101,61.72992700729927
405,160,93,61.872262773722625
406,175,101,64.7080291970803
407,190,93,65.4051094890511
408,205,101,68.4087591240876
409,220,93,69.16788321167883
410,235,101,72.13503649635037
411,250,93,72.81021897810218
412,265,101,76.25182481751824
413,280,93,77.27372262773723
414,295,101,80.43065693430657
415,310,93,81.54379562043795
416,325,101,84.82116788321167
417,340,93,86.31386861313868
418,355,101,89.5948905109489
419,370,93,91.32846715328466
420,385,101,94.75182481751824
421,400,93,96.36496350364963
422,415,101,100.02919708029196
423,430,93,102.17153284671532
424,445,101,105.24817518248175
425,460,93,107.1861313868613
426,475,101,111.08029197080292
427,490,93,113.32846715328466
428,505,101,117.6934306569343
429,520,93,119.82481751824817
430,535,101,125.06204379562044
431,550,93,127.00729927007299
432,565,101,133.87591240875912
433,580,93,135.51824817518246
434,595,101,218.2810218978102
435,610,93,224.8868613138686
436,625,101,227.83576642335765
437,640,93,240.97810218978103
438,655,101,241.43065693430657
439,670,93,244.53284671532845
440,685,101,232.65693430656933
441,700,93,238.96350364963502
442,715,101,221.507299270073
443,730,93,215.01459854014598
444,745,101,201.91240875912408
445,760,93,206.62043795620437
446,775,101,203.81751824817516
447,790,93,224.17518248175182
448,805,101,231.90510948905109
449,820,93,230.53284671532845
450,835,101,234.55839416058393
451,850,93,230.51094890510947
452,865,101,237.91240875912408
453,880,93,230.26642335766422
454,895,101,227.3722627737226
455,910,93,223.75182481751824
456,925,101,231.35036496350364
457,940,93,223.45985401459853
458,955,101,232.71532846715328
459,970,93,236.8795620437956
460,985,101,241.25912408759123
461,1000,93,251.46350364963502
462,1015,101,249.7992700729927
463,1030,93,249.2992700729927
464,1045,101,241.89416058394158
465,1060,93,242.71167883211677
466,1075,101,237.13138686131387
467,1090,93,239.0
468,1105,101,235.54744525547446
469,1120,93,240.65328467153284
470,1135,101,238.22627737226276
471,1150,93,242.52919708029196
472,1165,101,240.94890510948903
473,1180,93,247.72992700729927
474,10,110,58.82116788321168
475,25,118,60.35036496350365
476,40,110,58.25182481751825
477,55,118,59.96715328467153
478,70,110,58.80656934306569
479,85,118,60.73357664233576
480,100,110,60.131386861313864
481,115,118,62.32846715328467
482,130,110,61.77737226277372
483,145,118,64.32481751824817
484,160,110,64.55839416058394
485,175,118,67.28467153284672
486,190,110,67.73357664233576
487,205,118,70.65693430656934
488,220,110,71.62043795620438
489,235,118,74.67518248175182
490,250,110,75.40145985401459
491,265,118,78.97080291970802
492,280,110,79.85036496350365
493,295,118,83.16788321167883
494,310,110,84.03649635036496
495,325,118,87.72262773722628
496,340,110,88.52554744525547
497,355,118,92.10583941605839
498,370,110,93.28102189781022
499,385,118,97.0985401459854
500,400,110,98.40875912408758
501,415,118,101.67153284671532
502,430,110,103.75182481751824
503,445,118,106.98540145985402
504,460,110,109.08759124087591
505,475,118,113.21167883211679
506,490,110,115.55474452554743
507,505,118,119.96715328467153
508,520,110,122.7919708029197
509,535,118,137.5912408759124
510,550,110,152.21167883211677
511,565,118,182.32846715328466
512,580,110,180.86496350364962
513,595,118,218.94890510948903
514,610,110,226.0
515,625,118,212.98540145985402
516,640,110,218.6058394160584
517,655,118,220.1970802919708
518,670,110,234.36496350364962
519,685,118,225.04014598540147
520,700,110,226.72262773722628
521,715,118,202.06934306569343
522,730,110,205.03649635036496
523,745,118,196.507299270073
524,760,110,198.7007299270073
525,775,118,203.91240875912408
526,790,110,217.9963503649635
527,805,118,231.46350364963502
528,820,110,236.84306569343065
529,835,118,240.63138686131387
530,850,110,242.63138686131387
531,865,118,242.55109489051094
532,880,110,239.5985401459854
533,895,118,246.81386861313868
534,910,110,237.35401459854015
535,925,118,234.52554744525546
536,940,110,238.51459854014598
537,955,118,227.51094890510947
538,970,110,228.83211678832117
539,985,118,236.7956204379562
540,1000,110,247.35036496350364
541,1015,118,245.2080291970803
542,1030,110,243.93795620437956
543,1045,118,240.5875912408759
544,1060,110,237.3795620437956
545,1075,118,232.05839416058393
546,1090,110,232.4087591240876
547,1105,118,229.60218978102188
548,1120,110,231.1167883211679
549,1135,118,229.3868613138686
550,1150,110,233.81386861313868
551,1165,118,232.47445255474452
552,1180,110,234.74087591240874
553,10,127,62.675182481751825
554,25,135,64.37591240875912
555,40,127,62.12043795620438
556,55,135,63.89051094890511
557,70,127,62.131386861313864
558,85,135,64.1970802919708
559,100,127,63.23357664233576
560,115,135,65.85036496350365
561,130,127,65.10948905109488
562,145,135,67.87591240875912
563,160,127,67.41970802919708
564,175,135,70.08759124087591
565,190,127,70.11313868613138
566,205,135,73.31386861313868
567,220,127,74.01824817518248
568,235,135,77.2080291970803
569,250,127,78.10218978102189
570,265,135,81.42700729927007
571,280,127,82.33941605839416
572,295,135,85.66788321167883
573,310,127,86.74452554744525
574,325,135,90.16788321167883
575,340,127,91.1934306569343
576,355,135,94.78102189781022
577,370,127,95.95985401459853
578,385,135,99.85766423357664
579,400,127,101.11313868613138
580,415,135,104.58759124087591
581,430,127,105.78832116788321
582,445,135,109.58759124087591
583,460,127,111.35401459854015
584,475,135,115.63503649635037
585,490,127,117.6861313868613
586,505,135,122.1897810218978
587,520,127,124.97445255474452
588,535,135,135.35036496350364
589,550,127,227.43795620437956
590,565,135,223.97445255474452
591,580,127,198.03649635036496
592,595,135,222.71532846715328
593,610,127,213.0875912408759
594,625,135,214.67518248175182
595,640,127,214.52919708029196
596,655,135,218.56204379562044
597,670,127,223.36496350364962
598,685,135,223.83576642335765
599,700,127,210.74452554744525
600,715,135,194.70437956204378
601,730,127,193.13503649635035
602,745,135,191.41240875912408
603,760,127,199.992700729927
604,775,135,211.64598540145985
605,790,127,223.71532846715328
606,805,135,236.64963503649633
607,820,127,242.41970802919707
608,835,135,245.21532846715328
609,850,127,246.04379562043795
610,865,135,238.2007299270073
611,880,127,240.91240875912408
612,895,135,240.35036496350364
613,910,127,240.43430656934305
614,925,135,225.18613138686132
615,940,127,229.4963503649635
616,955,135,229.03649635036496
617,970,127,230.11313868613138
618,985,135,236.70437956204378
619,1000,127,242.95985401459853
620,1015,135,238.27007299270073
621,1030,127,240.85401459854015
622,1045,135,237.3905109489051
623,1060,127,235.72992700729927
624,1075,135,230.01824817518246
625,1090,127,229.51094890510947
626,1105,135,230.95985401459853
627,1120,127,228.39416058394158
628,1135,135,228.6824817518248
629,1150,127,229.0802919708029
630,1165,135,229.25547445255475
631,1180,127,230.65328467153284
632,10,144,67.13138686131387
633,25,152,70.56569343065694
634,40,144,66.9963503649635
635,55,152,69.8029197080292
636,70,144,66.57299270072993
637,85,152,68.94160583941606
638,100,144,66.6970802919708
639,115,152,86.86861313868613
640,130,144,70.31021897810218
641,145,152,99.14233576642336
642,160,144,70.61678832116787
643,175,152,73.87226277372262
644,190,144,73.23357664233576
645,205,152,76.27737226277372
646,220,144,76.7992700729927
647,235,152,79.98540145985402
648,250,144,80.83576642335767
649,265,152,84.07299270072993
650,280,144,84.72627737226277
651,295,152,88.04379562043795
652,310,144,89.13138686131387
653,325,152,92.32846715328466
654,340,144,93.63503649635037
655,355,152,97.2080291970803
656,370,144,98.66058394160584
657,385,152,102.50729927007299
658,400,144,104.14233576642336
659,415,152,108.13868613138686
660,430,144,108.8905109489051
661,445,152,112.94160583941606
662,460,144,114.07299270072993
663,475,152,118.55474452554743
664,490,144,120.10948905109488
665,505,152,124.85766423357664
666,520,144,127.56569343065694
667,535,152,176.62773722627736
668,550,144,220.82481751824818
669,565,152,226.56204379562044
670,580,144,220.61313868613138
671,595,152,233.84306569343065
672,610,144,241.74817518248173
673,625,152,227.42335766423358
674,640,144,213.06934306569343
675,655,152,214.0839416058394
676,670,144,221.9160583941606
677,685,152,221.94160583941604
678,700,144,223.94160583941604
679,715,152,181.96715328467153
680,730,144,184.23357664233575
681,745,152,187.3868613138686
682,760,144,194.67883211678833
683,775,152,211.2919708029197
684,790,144,227.13503649635035
685,805,152,235.35036496350364
686,820,144,242.62408759124088
687,835,152,231.21532846715328
688,850,144,239.36131386861314
689,865,152,233.32846715328466
690,880,144,237.57664233576642
691,895,152,230.4160583941606
692,910,144,218.41970802919707
693,925,152,211.5729927007299
694,940,144,235.85401459854015
695,955,152,229.89416058394158
696,970,144,234.91240875912408
697,985,152,241.76277372262774
698,1000,144,239.64598540145985
699,1015,152,240.14598540145985
700,1030,144,236.5729927007299
701,1045,152,234.91970802919707
702,1060,144,232.4890510948905
703,1075,152,231.0
704,1090,144,231.76642335766422
705,1105,152,231.992700729927
706,1120,144,229.64963503649633
707,1135,152,234.21167883211677
708,1150,144,230.64963503649633
709,1165,152,232.4963503649635
710,1180,144,231.63138686131387
711,10,161,94.27007299270073
712,25,169,147.77372262773721
713,40,161,139.65328467153284
714,55,169,177.62408759124088
715,70,161,97.7080291970803
716,85,169,114.52919708029196
717,100,161,73.12408759124088
718,115,169,115.91240875912409
719,130,161,133.66788321167883
720,145,169,103.43065693430657
721,160,161,91.50729927007299
722,175,169,115.35036496350365
723,190,161,77.21532846715328
724,205,169,80.3029197080292
725,220,161,80.07299270072993
726,235,169,83.71532846715328
727,250,161,84.02919708029196
728,265,169,107.56934306569343
729,280,161,88.22262773722628
730,295,169,91.85036496350365
731,310,161,91.78102189781022
732,325,169,95.55109489051094
733,340,161,96.48905109489051
734,355,169,100.73357664233576
735,370,161,101.6861313868613
736,385,169,106.34671532846716
737,400,161,107.1934306569343
738,415,169,112.33576642335765
739,430,161,112.74452554744525
740,445,169,117.21897810218978
741,460,161,117.96350364963503
742,475,169,121.88321167883211
743,490,161,123.01094890510949
744,505,169,127.11678832116787
745,520,161,144.83941605839416
746,535,169,157.17518248175182
747,550,161,206.13503649635035
748,565,169,216.20437956204378
749,580,161,226.95255474452554
750,595,169,233.00364963503648
751,610,161,238.2992700729927
752,625,169,230.04379562043795
753,640,161,211.65693430656933
754,655,169,220.2007299270073
755,670,161,220.05109489051094
756,685,169,212.2956204379562
757,700,161,205.7992700729927
758,715,169,176.33211678832117
759,730,161,181.56934306569343
760,745,169,189.03649635036496
761,760,161,196.93795620437956
762,775,169,226.94890510948903
763,790,161,231.85036496350364
764,805,169,229.53284671532845
765,820,161,230.91240875912408
766,835,169,220.34671532846716
767,850,161,222.77737226277372
768,865,169,222.75182481751824
769,880,161,225.9160583941606
770,895,169,234.42700729927006
771,910,161,227.9817518248175
772,925,169,232.6058394160584
773,940,161,229.62773722627736
774,955,169,226.6058394160584
775,970,161,237.91970802919707
776,985,169,238.5729927007299
777,1000,161,243.43065693430657
778,1015,169,243.26277372262774
779,1030,161,241.05839416058393
780,1045,169,238.24087591240874
781,1060,161,233.44525547445255
782,1075,169,233.5912408759124
783,1090,161,231.86496350364962
784,1105,169,239.70437956204378
785,1120,161,240.04379562043795
786,1135,169,248.05839416058393
787,1150,161,238.63138686131387
788,1165,169,236.27007299270073
789,1180,161,233.02554744525546
790,10,178,180.27372262773721
791,25,186,180.97080291970804
792,40,178,209.31386861313868
793,55,186,209.6058394160584
794,70,178,198.75547445255475
795,85,186,92.76277372262773
796,100,178,81.80656934306569
797,115,186,92.35766423357664
798,130,178,111.6897810218978
799,145,186,109.56934306569343
800,160,178,117.56204379562044
801,175,186,116.37956204379562
802,190,178,97.66788321167883
803,205,186,133.7919708029197
804,220,178,102.1897810218978
805,235,186,109.84671532846716
806,250,178,130.75912408759123
807,265,186,180.52189781021897
808,280,178,171.87591240875912
809,295,186,166.02189781021897
810,310,178,97.48540145985402
811,325,186,99.88686131386861
812,340,178,100.0985401459854
813,355,186,105.05109489051094
814,370,178,105.62773722627738
815,385,186,111.48905109489051
816,400,178,112.36496350364963
817,415,186,118.13138686131387
818,430,178,117.47445255474452
819,445,186,140.05109489051094
820,460,178,122.02919708029196
821,475,186,144.23722627737226
822,490,178,125.41240875912408
823,505,186,131.83941605839416
824,520,178,138.04379562043795
825,535,186,146.71167883211677
826,550,178,155.05839416058393
827,565,186,189.45985401459853
828,580,178,226.3905109489051
829,595,186,218.1058394160584
830,610,178,241.66788321167883
831,625,186,232.47445255474452
832,640,178,221.3941605839416
833,655,186,228.5912408759124
834,670,178,222.51459854014598
835,685,186,216.4014598540146
836,700,178,175.81021897810217
837,715,186,173.4014598540146
838,730,178,180.05839416058393
839,745,186,188.66058394160584
840,760,178,211.82481751824818
841,775,186,231.3832116788321
842,790,178,232.0802919708029
843,805,186,215.8978102189781
844,820,178,217.6824817518248
845,835,186,215.32846715328466
846,850,178,220.76277372262774
847,865,186,226.04379562043795
848,880,178,223.01824817518246
849,895,186,237.36496350364962
850,910,178,245.72627737226276
851,925,186,245.0839416058394
852,940,178,243.81751824817516
853,955,186,229.04379562043795
854,970,178,231.41240875912408
855,985,186,223.82116788321167
856,1000,178,232.90510948905109
857,1015,186,235.54379562043795
858,1030,178,244.85766423357663
859,1045,186,246.62408759124088
860,1060,178,238.52919708029196
861,1075,186,236.24087591240874
862,1090,178,239.07664233576642
863,1105,186,239.95620437956202
864,1120,178,244.13868613138686
865,1135,186,243.6970802919708
866,1150,178,246.14233576642334
867,1165,186,221.16423357664232
868,1180,178,220.25912408759123
869,10,195,131.50364963503648
870,25,203,122.71532846715328
871,40,195,164.3175182481752
872,55,203,170.7810218978102
873,70,195,185.30291970802918
874,85,203,133.6824817518248
875,100,195,83.98905109489051
876,115,203,85.46715328467153
877,130,195,88.38321167883211
878,145,203,87.26642335766424
879,160,195,90.8941605839416
880,175,203,97.06934306569343
881,190,195,130.17153284671534
882,205,203,112.06204379562044
883,220,195,172.3795620437956
884,235,203,111.94160583941606
885,250,195,155.0839416058394
886,265,203,141.84671532846716
887,280,195,185.94160583941604
888,295,203,194.0802919708029
889,310,195,131.4890510948905
890,325,203,135.47810218978103
891,340,195,105.13503649635037
892,355,203,114.83211678832116
893,370,195,110.8978102189781
894,385,203,138.5912408759124
895,400,195,143.3175182481752
896,415,203,187.9087591240876
897,430,195,126.45620437956204
898,445,203,195.0802919708029
899,460,195,195.04014598540147
900,475,203,200.64963503649633
901,490,195,167.44525547445255
902,505,203,188.3905109489051
903,520,195,157.21532846715328
904,535,203,204.54379562043795
905,550,195,179.6934306569343
906,565,203,228.54744525547446
907,580,195,225.93795620437956
908,595,203,235.95620437956202
909,610,195,233.64598540145985
910,625,203,228.0948905109489
911,640,195,231.12408759124088
912,655,203,232.89416058394158
913,670,195,229.2883211678832
914,685,203,214.6934306569343
915,700,195,184.15693430656933
916,715,203,177.5985401459854
917,730,195,179.97080291970804
918,745,203,191.74452554744525
919,760,195,206.25912408759123
920,775,203,219.17518248175182
921,790,195,220.64963503649633
922,805,203,210.6824817518248
923,820,195,212.25547445255475
924,835,203,213.66058394160584
925,850,195,220.86861313868613
926,865,203,228.02189781021897
927,880,195,227.50364963503648
928,895,203,225.25547445255475
929,910,195,237.0802919708029
930,925,203,217.0948905109489
931,940,195,229.73722627737226
932,955,203,228.51094890510947
933,970,195,219.75547445255475
934,985,203,216.1058394160584
935,1000,195,224.66423357664232
936,1015,203,231.36131386861314
937,1030,195,245.04014598540144
938,1045,203,245.32116788321167
939,1060,195,241.24452554744525
940,1075,203,232.3832116788321
941,1090,195,237.51094890510947
942,1105,203,231.77737226277372
943,1120,195,229.16058394160584
944,1135,203,213.8905109489051
945,1150,195,223.48540145985402
946,1165,203,204.40510948905109
947,1180,195,202.54744525547446
948,10,212,165.84671532846716
949,25,220,164.51459854014598
950,40,212,132.56204379562044
951,55,220,119.54379562043795
952,70,212,147.80291970802918
953,85,220,109.5
954,100,212,93.35036496350365
955,115,220,89.81386861313868
956,130,212,87.98175182481752
957,145,220,91.2080291970803
958,160,212,90.6970802919708
959,175,220,93.05474452554745
960,190,212,93.74817518248175
961,205,220,96.37226277372262
962,220,212,101.6861313868613
963,235,220,107.47810218978101
964,250,212,110.48175182481751
965,265,220,129.06204379562044
966,280,212,123.87591240875912
967,295,220,162.3175182481752
968,310,212,199.90510948905109
969,325,220,211.02554744525546
970,340,212,164.94890510948903
971,355,220,192.06569343065692
972,370,212,125.22627737226277
973,385,220,191.9160583941606
974,400,212,224.53649635036496
975,415,220,235.72627737226276
976,430,212,219.2956204379562
977,445,220,205.93795620437956
978,460,212,187.7007299270073
979,475,220,172.5729927007299
980,490,212,181.1167883211679
981,505,220,166.12043795620437
982,520,212,208.31386861313868
983,535,220,219.1934306569343
984,550,212,227.12408759124088
985,565,220,228.56569343065692
986,580,212,230.41970802919707
987,595,220,225.45620437956202
988,610,212,235.47810218978103
989,625,220,216.06569343065692
990,640,212,221.45985401459853
991,655,220,205.94525547445255
992,670,212,207.42700729927006
993,685,220,187.92700729927006
994,700,212,186.71167883211677
995,715,220,178.3065693430657
996,730,212,180.05109489051094
997,745,220,192.4087591240876
998,760,212,205.007299270073
999,775,220,204.52189781021897
1000,790,212,217.492700729927
1001,805,220,228.89416058394158
1002,820,212,216.1934306569343
1003,835,220,222.12773722627736
1004,850,212,227.4817518248175
1005,865,220,224.84306569343065
1006,880,212,215.992700729927
1007,895,220,199.21167883211677
1008,910,212,207.6897810218978
1009,925,220,193.68613138686132
1010,940,212,205.76642335766422
1011,955,220,199.90510948905109
1012,970,212,215.06569343065692
1013,985,220,213.27007299270073
1014,1000,212,214.91240875912408
1015,1015,220,225.8905109489051
1016,1030,212,238.0
1017,1045,220,226.93065693430657
1018,1060,212,232.97080291970804
1019,1075,220,210.64598540145985
1020,1090,212,224.16058394160584
1021,1105,220,211.2956204379562
1022,1120,212,211.87591240875912
1023,1135,220,196.36131386861314
1024,1150,212,200.9817518248175
1025,1165,220,196.23722627737226
1026,1180,212,197.1167883211679
1027,10,229,135.72992700729927
1028,25,237,110.1970802919708
1029,40,229,131.85766423357663
1030,55,237,103.74452554744525
1031,70,229,96.90510948905109
1032,85,237,99.63503649635037
1033,100,229,94.40510948905109
1034,115,237,99.15693430656934
1035,130,229,94.83576642335765
1036,145,237,100.26642335766422
1037,160,229,96.33211678832116
1038,175,237,101.67153284671532
1039,190,229,98.25182481751824
1040,205,237,103.91240875912409
1041,220,229,103.47445255474452
1042,235,237,108.63138686131387
1043,250,229,113.01094890510949
1044,265,237,112.66058394160584
1045,280,229,120.45620437956204
1046,295,237,128.0875912408759
1047,310,229,178.13138686131387
1048,325,237,210.0839416058394
1049,340,229,219.44890510948903
1050,355,237,210.84306569343065
1051,370,229,199.25912408759123
1052,385,237,201.5985401459854
1053,400,229,218.76277372262774
1054,415,237,226.23722627737226
1055,430,229,234.07664233576642
1056,445,237,203.0875912408759
1057,460,229,167.05474452554745
1058,475,237,169.82481751824818
1059,490,229,155.56204379562044
1060,505,237,184.1715328467153
1061,520,229,207.5839416058394
1062,535,237,204.75547445255475
1063,550,229,191.55474452554745
1064,565,237,175.75547445255475
1065,580,229,201.73722627737226
1066,595,237,178.1970802919708
1067,610,229,214.97080291970804
1068,625,237,187.15328467153284
1069,640,229,205.35401459854015
1070,655,237,198.9890510948905
1071,670,229,194.23722627737226
1072,685,237,197.36496350364962
1073,700,229,180.6715328467153
1074,715,237,182.3978102189781
1075,730,229,183.50364963503648
1076,745,237,186.55474452554745
1077,760,229,198.3065693430657
1078,775,237,196.63503649635035
1079,790,229,206.2956204379562
1080,805,237,213.51824817518246
1081,820,229,234.80291970802918
1082,835,237,229.70437956204378
1083,850,229,229.8795620437956
1084,865,237,212.24087591240874
1085,880,229,207.0
1086,895,237,192.91970802919707
1087,910,229,187.13868613138686
1088,925,237,186.0875912408759
1089,940,229,190.02189781021897
1090,955,237,193.96350364963504
1091,970,229,216.70437956204378
1092,985,237,220.9087591240876
1093,1000,229,212.4160583941606
1094,1015,237,220.32846715328466
1095,1030,229,219.27372262773721
1096,1045,237,206.21167883211677
1097,1060,229,207.65328467153284
1098,1075,237,195.63868613138686
1099,1090,229,198.36861313868613
1100,1105,237,190.74817518248176
1101,1120,229,193.44525547445255
1102,1135,237,186.7919708029197
1103,1150,229,191.64598540145985
1104,1165,237,188.18613138686132
1105,1180,229,190.7810218978102
1106,10,246,105.90510948905109
1107,25,254,111.35766423357664
1108,40,246,106.04379562043795
1109,55,254,110.52554744525547
1110,70,246,105.22262773722628
1111,85,254,110.31751824817518
1112,100,246,104.86496350364963
1113,115,254,110.7080291970803
1114,130,246,105.66058394160584
1115,145,254,111.88321167883211
1116,160,246,106.58759124087591
1117,175,254,112.81386861313868
1118,190,246,107.98905109489051
1119,205,254,113.78467153284672
1120,220,246,110.1970802919708
1121,235,254,116.72627737226277
1122,250,246,113.55839416058394
1123,265,254,120.8029197080292
1124,280,246,118.87956204379562
1125,295,254,166.45620437956205
1126,310,246,199.23722627737226
1127,325,254,237.54744525547446
1128,340,246,216.60218978102188
1129,355,254,218.8868613138686
1130,370,246,213.56934306569343
1131,385,254,218.0729927007299
1132,400,246,202.5839416058394
1133,415,254,212.63503649635035
1134,430,246,209.83576642335765
1135,445,254,201.85036496350364
1136,460,246,185.44525547445255
1137,475,254,183.43430656934305
1138,490,246,202.2956204379562
1139,505,254,209.95255474452554
1140,520,246,205.62043795620437
1141,535,254,177.68613138686132
1142,550,246,167.2992700729927
1143,565,254,105.6897810218978
1144,580,246,132.92700729927006
1145,595,254,64.14598540145985
1146,610,246,139.62408759124088
1147,625,254,110.33576642335765
1148,640,246,181.8941605839416
1149,655,254,170.0985401459854
1150,670,246,202.51824817518246
1151,685,254,198.85036496350364
1152,700,246,179.84671532846716
1153,715,254,181.01094890510947
1154,730,246,181.55839416058393
1155,745,254,179.64598540145985
1156,760,246,188.54744525547446
1157,775,254,194.50364963503648
1158,790,246,207.7080291970803
1159,805,254,199.44525547445255
1160,820,246,213.13138686131387
1161,835,254,212.4890510948905
1162,850,246,222.78467153284672
1163,865,254,213.18613138686132
1164,880,246,208.37591240875912
1165,895,254,210.43795620437956
1166,910,246,188.27737226277372
1167,925,254,193.13138686131387
1168,940,246,187.31021897810217
1169,955,254,188.8722627737226
1170,970,246,203.86861313868613
1171,985,254,200.9963503649635
1172,1000,246,213.71167883211677
1173,1015,254,209.65328467153284
1174,1030,246,208.92335766423358
1175,1045,254,203.0875912408759
1176,1060,246,197.40510948905109
1177,1075,254,195.90510948905109
1178,1090,246,191.8832116788321
1179,1105,254,186.42335766423358
1180,1120,246,184.86496350364962
1181,1135,254,182.44160583941604
1182,1150,246,184.0
1183,1165,254,185.22262773722628
1184,1180,246,186.73357664233575
1185,10,263,116.45620437956204
1186,25,271,125.7043795620438
1187,40,263,117.13138686131387
1188,55,271,123.51824817518248
1189,70,263,116.7043795620438
1190,85,271,123.03649635036496
1191,100,263,116.98905109489051
1192,115,271,124.21897810218978
1193,130,263,118.49270072992701
1194,145,271,133.06204379562044
1195,160,263,119.25547445255474
1196,175,271,128.93430656934305
1197,190,263,119.99270072992701
1198,205,271,134.5985401459854
1199,220,263,127.9963503649635
1200,235,271,163.8175182481752
1201,250,263,142.70437956204378
1202,265,271,183.06934306569343
1203,280,263,143.26277372262774
1204,295,271,191.15328467153284
1205,310,263,221.77372262773721
1206,325,271,228.6094890510949
1207,340,263,229.95985401459853
1208,355,271,228.18613138686132
1209,370,263,227.81021897810217
1210,385,271,228.2810218978102
1211,400,263,221.96715328467153
1212,415,271,219.95985401459853
1213,430,263,229.64598540145985
1214,445,271,229.53284671532845
1215,460,263,201.72627737226276
1216,475,271,200.71532846715328
1217,490,263,189.04014598540147
1218,505,271,200.4963503649635
1219,520,263,203.85036496350364
1220,535,271,90.82846715328466
1221,550,263,84.67518248175182
1222,565,271,59.6021897810219
1223,580,263,49.75182481751825
1224,595,271,64.43065693430657
1225,610,263,50.00729927007299
1226,625,271,86.01094890510949
1227,640,263,117.21532846715328
1228,655,271,101.0
1229,670,263,138.45620437956205
1230,685,271,155.2810218978102
1231,700,263,183.4087591240876
1232,715,271,178.84671532846716
1233,730,263,178.61313868613138
1234,745,271,178.8795620437956
1235,760,263,182.37591240875912
1236,775,271,189.16058394160584
1237,790,263,198.52189781021897
1238,805,271,194.91970802919707
1239,820,263,191.5
1240,835,271,185.82116788321167
1241,850,263,202.17518248175182
1242,865,271,193.86861313868613
1243,880,263,209.53649635036496
1244,895,271,207.28467153284672
1245,910,263,207.8905109489051
1246,925,271,218.77372262773721
1247,940,263,200.01824817518246
1248,955,271,200.76642335766422
1249,970,263,192.95985401459853
1250,985,271,198.47080291970804
1251,1000,263,204.8832116788321
1252,1015,271,204.2007299270073
1253,1030,263,204.90510948905109
1254,1045,271,205.43430656934305
1255,1060,263,202.64963503649633
1256,1075,271,203.80291970802918
1257,1090,263,196.22627737226276
1258,1105,271,198.53649635036496
1259,1120,263,189.03284671532847
1260,1135,271,202.93795620437956
1261,1150,263,186.2919708029197
1262,1165,271,197.04014598540147
1263,1180,263,189.18613138686132
1264,10,280,135.75547445255475
1265,25,288,154.8905109489051
1266,40,280,135.03649635036496
1267,55,288,152.67518248175182
1268,70,280,137.15328467153284
1269,85,288,158.97445255474452
1270,100,280,142.3722627737226
1271,115,288,165.56934306569343
1272,130,280,159.52919708029196
1273,145,288,181.3175182481752
1274,160,280,168.9160583941606
1275,175,288,187.52554744525546
1276,190,280,172.1058394160584
1277,205,288,192.81751824817516
1278,220,280,177.81021897810217
1279,235,288,212.25912408759123
1280,250,280,195.00364963503648
1281,265,288,217.9014598540146
1282,280,280,189.93795620437956
1283,295,288,213.1094890510949
1284,310,280,219.5729927007299
1285,325,288,214.1897810218978
1286,340,280,220.7810218978102
1287,355,288,215.26642335766422
1288,370,280,225.62773722627736
1289,385,288,223.97810218978103
1290,400,280,226.16788321167883
1291,415,288,217.66423357664232
1292,430,280,222.4014598540146
1293,445,288,203.82116788321167
1294,460,280,203.36861313868613
1295,475,288,191.5875912408759
1296,490,280,198.2080291970803
1297,505,288,144.15693430656933
1298,520,280,104.77372262773723
1299,535,288,48.091240875912405
1300,550,280,42.29197080291971
1301,565,288,41.56204379562044
1302,580,280,48.81386861313869
1303,595,288,50.61678832116788
1304,610,280,47.74452554744526
1305,625,288,45.81751824817518
1306,640,280,52.551094890510946
1307,655,288,49.49270072992701
1308,670,280,89.16788321167883
1309,685,288,151.7919708029197
1310,700,280,173.5912408759124
1311,715,288,178.56934306569343
1312,730,280,179.52554744525546
1313,745,288,189.8868613138686
1314,760,280,184.61313868613138
1315,775,288,193.33576642335765
1316,790,280,197.492700729927
1317,805,288,204.6934306569343
1318,820,280,190.22627737226276
1319,835,288,195.86496350364962
1320,850,280,188.66788321167883
1321,865,288,202.31751824817516
1322,880,280,199.87591240875912
1323,895,288,213.77372262773721
1324,910,280,211.4014598540146
1325,925,288,218.34671532846716
1326,940,280,217.97445255474452
1327,955,288,213.16788321167883
1328,970,280,204.71167883211677
1329,985,288,210.66423357664232
1330,1000,280,207.83941605839416
1331,1015,288,212.90510948905109
1332,1030,280,205.44525547445255
1333,1045,288,214.34671532846716
1334,1060,280,208.25547445255475
1335,1075,288,217.41240875912408
1336,1090,280,209.25912408759123
1337,1105,288,229.7992700729927
1338,1120,280,226.80291970802918
1339,1135,288,235.1970802919708
1340,1150,280,227.43795620437956
1341,1165,288,230.8795620437956
1342,1180,280,212.47080291970804
1343,10,297,181.56204379562044
1344,25,305,179.0802919708029
1345,40,297,175.507299270073
1346,55,305,182.4890510948905
1347,70,297,172.35766423357663
1348,85,305,196.16058394160584
1349,100,297,175.18613138686132
1350,115,305,191.24452554744525
1351,130,297,183.0912408759124
1352,145,305,215.1970802919708
1353,160,297,199.5729927007299
1354,175,305,202.03284671532845
1355,190,297,193.04379562043795
1356,205,305,187.7992700729927
1357,220,297,199.22262773722628
1358,235,305,193.76642335766422
1359,250,297,209.6094890510949
1360,265,305,198.54014598540147
1361,280,297,204.77737226277372
1362,295,305,184.14233576642334
1363,310,297,204.14233576642334
1364,325,305,197.85036496350364
1365,340,297,211.87591240875912
1366,355,305,209.32116788321167
1367,370,297,212.35401459854015
1368,385,305,222.41970802919707
1369,400,297,215.23357664233575
1370,415,305,207.82116788321167
1371,430,297,198.96715328467153
1372,445,305,196.6058394160584
1373,460,297,194.77737226277372
1374,475,305,179.25182481751824
1375,490,297,140.1897810218978
1376,505,305,61.55474452554744
1377,520,297,57.56934306569343
1378,535,305,43.55839416058394
1379,550,297,45.88321167883212
1380,565,305,47.23357664233576
1381,580,297,40.01459854014598
1382,595,305,39.31751824817518
1383,610,297,44.2992700729927
1384,625,305,45.394160583941606
1385,640,297,26.5
1386,655,305,40.92335766423358
1387,670,297,39.85766423357664
1388,685,305,45.90510948905109
1389,700,297,152.0948905109489
1390,715,305,159.24452554744525
1391,730,297,198.85401459854015
1392,745,305,219.26642335766422
1393,760,297,207.22627737226276
1394,775,305,211.16788321167883
1395,790,297,203.04379562043795
1396,805,305,212.5948905109489
1397,820,297,209.992700729927
1398,835,305,218.07664233576642
1399,850,297,209.6167883211679
1400,865,305,220.1897810218978
1401,880,297,219.73722627737226
1402,895,305,224.82481751824818
1403,910,297,224.992700729927
1404,925,305,227.27372262773721
1405,940,297,222.86861313868613
1406,955,305,223.9160583941606
1407,970,297,218.21532846715328
1408,985,305,221.90510948905109
1409,1000,297,218.81386861313868
1410,1015,305,225.50364963503648
1411,1030,297,221.93795620437956
1412,1045,305,223.13138686131387
1413,1060,297,220.2956204379562
1414,1075,305,222.73722627737226
1415,1090,297,225.64233576642334
1416,1105,305,226.16058394160584
1417,1120,297,229.13138686131387
1418,1135,305,220.37591240875912
1419,1150,297,227.9817518248175
1420,1165,305,225.77737226277372
1421,1180,297,221.72262773722628
1422,10,314,171.13138686131387
1423,25,322,173.992700729927
1424,40,314,177.22992700729927
1425,55,322,181.45620437956202
1426,70,314,196.77372262773721
1427,85,322,205.9160583941606
1428,100,314,203.92700729927006
1429,115,322,201.70437956204378
1430,130,314,208.50364963503648
1431,145,322,205.84306569343065
1432,160,314,218.20437956204378
1433,175,322,217.23722627737226
1434,190,314,200.84671532846716
1435,205,322,186.97445255474452
1436,220,314,189.5
1437,235,322,188.0729927007299
1438,250,314,181.17518248175182
1439,265,322,176.26277372262774
1440,280,314,174.26642335766422
1441,295,322,172.97080291970804
1442,310,314,177.77007299270073
1443,325,322,203.2810218978102
1444,340,314,213.40510948905109
1445,355,322,224.78467153284672
1446,370,314,225.66058394160584
1447,385,322,235.25182481751824
1448,400,314,226.6934306569343
1449,415,322,219.1058394160584
1450,430,314,211.5948905109489
1451,445,322,203.25182481751824
1452,460,314,196.0802919708029
1453,475,322,151.84671532846716
1454,490,314,77.71897810218978
1455,505,322,23.215328467153284
1456,520,314,33.2956204379562
1457,535,322,23.251824817518248
1458,550,314,40.48540145985401
1459,565,322,46.47080291970803
1460,580,314,35.72992700729927
1461,595,322,40.1021897810219
1462,610,314,48.715328467153284
1463,625,322,28.638686131386862
1464,640,314,52.07299270072993
1465,655,322,42.7956204379562
1466,670,314,35.7043795620438
1467,685,322,35.68978102189781
1468,700,314,57.53284671532847
1469,715,322,160.9963503649635
1470,730,314,235.43065693430657
1471,745,322,235.51459854014598
1472,760,314,226.3868613138686
1473,775,322,210.85766423357663
1474,790,314,212.55474452554745
1475,805,322,214.05839416058393
1476,820,314,214.94525547445255
1477,835,322,218.47810218978103
1478,850,314,218.56934306569343
1479,865,322,220.64598540145985
1480,880,314,222.50364963503648
1481,895,322,221.0985401459854
1482,910,314,222.93430656934305
1483,925,322,225.07664233576642
1484,940,314,231.5912408759124
1485,955,322,223.75547445255475
1486,970,314,222.52554744525546
1487,985,322,229.07664233576642
1488,1000,314,227.52554744525546
1489,1015,322,228.9890510948905
1490,1030,314,226.72992700729927
1491,1045,322,226.65328467153284
1492,1060,314,223.95255474452554
1493,1075,322,225.18613138686132
1494,1090,314,224.7919708029197
1495,1105,322,226.02919708029196
1496,1120,314,224.93430656934305
1497,1135,322,228.87591240875912
1498,1150,314,228.32846715328466
1499,1165,322,231.41240875912408
1500,1180,314,226.42335766423358
1501,10,331,174.44890510948903
1502,25,339,184.70437956204378
1503,40,331,178.8978102189781
1504,55,339,186.1715328467153
1505,70,331,186.16058394160584
1506,85,339,191.4890510948905
1507,100,331,193.34306569343065
1508,115,339,197.72627737226276
1509,130,331,195.27737226277372
1510,145,339,193.2080291970803
1511,160,331,202.12043795620437
1512,175,339,194.94160583941604
1513,190,331,193.47080291970804
1514,205,339,188.24817518248176
1515,220,331,185.46715328467153
1516,235,339,181.0839416058394
1517,250,331,175.42335766423358
1518,265,339,179.25547445255475
1519,280,331,173.47445255474452
1520,295,339,179.47445255474452
1521,310,331,185.44890510948903
1522,325,339,205.2007299270073
1523,340,331,212.86861313868613
1524,355,339,218.64233576642334
1525,370,331,230.5
1526,385,339,229.6715328467153
1527,400,331,229.47445255474452
1528,415,339,220.47080291970804
1529,430,331,211.97080291970804
1530,445,339,204.6970802919708
1531,460,331,197.62043795620437
1532,475,339,138.16423357664232
1533,490,331,51.67153284671533
1534,505,339,14.711678832116787
1535,520,331,22.572992700729927
1536,535,339,16.846715328467152
1537,550,331,28.802919708029197
1538,565,339,23.0
1539,580,331,34.51094890510949
1540,595,339,17.901459854014597
1541,610,331,39.12773722627737
1542,625,339,22.631386861313867
1543,640,331,26.083941605839414
1544,655,339,34.26642335766423
1545,670,331,45.412408759124084
1546,685,339,34.78832116788321
1547,700,331,51.37591240875912
1548,715,339,141.3905109489051
1549,730,331,237.90510948905109
1550,745,339,219.17518248175182
1551,760,331,215.6897810218978
1552,775,339,215.72992700729927
1553,790,331,214.66058394160584
1554,805,339,218.44160583941604
1555,820,331,217.60218978102188
1556,835,339,220.7810218978102
1557,850,331,223.32846715328466
1558,865,339,222.78467153284672
1559,880,331,222.12043795620437
1560,895,339,223.92700729927006
1561,910,331,223.02554744525546
1562,925,339,227.7956204379562
1563,940,331,225.9890510948905
1564,955,339,233.82116788321167
1565,970,331,232.6167883211679
1566,985,339,238.55839416058393
1567,1000,331,236.6788321167883
1568,1015,339,232.8795620437956
1569,1030,331,229.4087591240876
1570,1045,339,229.82846715328466
1571,1060,331,227.57664233576642
1572,1075,339,229.27007299270073
1573,1090,331,228.05474452554745
1574,1105,339,231.52189781021897
1575,1120,331,234.11313868613138
1576,1135,339,237.12043795620437
1577,1150,331,231.5948905109489
1578,1165,339,234.95985401459853
1579,1180,331,233.3722627737226
1580,10,348,192.8832116788321
1581,25,356,203.44525547445255
1582,40,348,194.22262773722628
1583,55,356,201.73357664233575
1584,70,348,194.6058394160584
1585,85,356,212.21167883211677
1586,100,348,205.91970802919707
1587,115,356,203.42335766423358
1588,130,348,195.5985401459854
1589,145,356,201.7810218978102
1590,160,348,198.46715328467153
1591,175,356,200.16058394160584
1592,190,348,198.94890510948903
1593,205,356,199.35036496350364
1594,220,348,190.21167883211677
1595,235,356,197.2992700729927
1596,250,348,191.03649635036496
1597,265,356,194.6094890510949
1598,280,348,185.16423357664232
1599,295,356,197.55109489051094
1600,310,348,192.66058394160584
1601,325,356,209.48540145985402
1602,340,348,212.1824817518248
1603,355,356,224.66423357664232
1604,370,348,228.0
1605,385,356,232.7956204379562
1606,400,348,225.31021897810217
1607,415,356,231.41970802919707
1608,430,348,218.91970802919707
1609,445,356,231.93430656934305
1610,460,348,207.27737226277372
1611,475,356,107.83576642335765
1612,490,348,27.284671532846716
1613,505,356,17.78102189781022
1614,520,348,28.941605839416056
1615,535,356,22.576642335766422
1616,550,348,23.423357664233574
1617,565,356,20.142335766423358
1618,580,348,21.5985401459854
1619,595,356,20.587591240875913
1620,610,348,25.43795620437956
1621,625,356,14.10948905109489
1622,640,348,21.78102189781022
1623,655,356,14.576642335766422
1624,670,348,24.56934306569343
1625,685,356,25.59124087591241
1626,700,348,50.98540145985401
1627,715,356,148.5839416058394
1628,730,348,220.6167883211679
1629,745,356,223.81386861313868
1630,760,348,217.93430656934305
1631,775,356,220.1934306569343
1632,790,348,219.06204379562044
1633,805,356,222.7007299270073
1634,820,348,221.61313868613138
1635,835,356,228.20437956204378
1636,850,348,223.62408759124088
1637,865,356,229.92700729927006
1638,880,348,225.00364963503648
1639,895,356,228.27737226277372
1640,910,348,227.55839416058393
1641,925,356,231.00364963503648
1642,940,348,239.2919708029197
1643,955,356,235.62773722627736
1644,970,348,236.5729927007299
1645,985,356,237.1897810218978
1646,1000,348,239.85401459854015
1647,1015,356,238.97810218978103
1648,1030,348,234.53284671532845
1649,1045,356,238.51094890510947
1650,1060,348,231.74087591240874
1651,1075,356,233.46350364963502
1652,1090,348,231.34671532846716
1653,1105,356,232.70437956204378
1654,1120,348,232.5875912408759
1655,1135,356,233.6897810218978
1656,1150,348,240.3832116788321
1657,1165,356,236.77007299270073
1658,1180,348,235.25912408759123
1659,10,365,223.01824817518246
1660,25,373,215.04744525547446
1661,40,365,208.27372262773721
1662,55,373,210.85036496350364
1663,70,365,210.73357664233575
1664,85,373,221.007299270073
1665,100,365,216.07664233576642
1666,115,373,213.27007299270073
1667,130,365,209.3795620437956
1668,145,373,213.18613138686132
1669,160,365,206.45255474452554
1670,175,373,211.36861313868613
1671,190,365,204.27007299270073
1672,205,373,209.82116788321167
1673,220,365,204.74452554744525
1674,235,373,203.14233576642334
1675,250,365,205.5985401459854
1676,265,373,202.82481751824818
1677,280,365,207.23357664233575
1678,295,373,208.42700729927006
1679,310,365,213.64963503649633
1680,325,373,212.02189781021897
1681,340,365,227.16423357664232
1682,355,373,217.52554744525546
1683,370,365,233.22262773722628
1684,385,373,228.97080291970804
1685,400,365,232.07664233576642
1686,415,373,233.7956204379562
1687,430,365,234.507299270073
1688,445,373,233.13503649635035
1689,460,365,232.32116788321167
1690,475,373,155.9014598540146
1691,490,365,32.03649635036496
1692,505,373,12.828467153284672
1693,520,365,18.456204379562042
1694,535,373,16.824817518248175
1695,550,365,7.167883211678832
1696,565,373,22.66058394160584
1697,580,365,10.87956204379562
1698,595,373,17.71167883211679
1699,610,365,18.675182481751825
1700,625,373,12.05839416058394
1701,640,365,10.97080291970803
1702,655,373,17.55109489051095
1703,670,365,11.153284671532846
1704,685,373,21.21167883211679
1705,700,365,43.17883211678832
1706,715,373,108.6970802919708
1707,730,365,224.96350364963502
1708,745,373,214.97445255474452
1709,760,365,222.63138686131387
1710,775,373,219.21167883211677
1711,790,365,226.8832116788321
1712,805,373,227.21897810218977
1713,820,365,233.83211678832117
1714,835,373,226.85036496350364
1715,850,365,235.5
1716,865,373,226.87591240875912
1717,880,365,235.6934306569343
1718,895,373,229.03649635036496
1719,910,365,234.2992700729927
1720,925,373,228.80291970802918
1721,940,365,230.94525547445255
1722,955,373,230.9963503649635
1723,970,365,232.7919708029197
1724,985,373,234.992700729927
1725,1000,365,240.9014598540146
1726,1015,373,239.36861313868613
1727,1030,365,238.43430656934305
1728,1045,373,239.6715328467153
1729,1060,365,238.02189781021897
1730,1075,373,238.27372262773721
1731,1090,365,235.1167883211679
1732,1105,373,235.2919708029197
1733,1120,365,233.5985401459854
1734,1135,373,236.00364963503648
1735,1150,365,238.16058394160584
1736,1165,373,240.39416058394158
1737,1180,365,238.36496350364962
1738,10,382,220.7992700729927
1739,25,390,196.36861313868613
1740,40,382,214.40510948905109
1741,55,390,207.6970802919708
1742,70,382,221.85036496350364
1743,85,390,212.21532846715328
1744,100,382,215.6897810218978
1745,115,390,184.16058394160584
1746,130,382,211.07664233576642
1747,145,390,162.6058394160584
1748,160,382,197.96715328467153
1749,175,390,136.95985401459853
1750,190,382,172.83576642335765
1751,205,390,109.52919708029196
1752,220,382,152.0948905109489
1753,235,390,114.64598540145985
1754,250,382,162.3941605839416
1755,265,390,128.27007299270073
1756,280,382,155.02189781021897
1757,295,390,106.60218978102189
1758,310,382,142.27737226277372
1759,325,390,107.63503649635037
1760,340,382,151.05109489051094
1761,355,390,121.41970802919708
1762,370,382,170.1021897810219
1763,385,390,134.14598540145985
1764,400,382,187.92700729927006
1765,415,390,147.32116788321167
1766,430,382,206.8868613138686
1767,445,390,172.95620437956202
1768,460,382,221.7992700729927
1769,475,390,118.54014598540145
1770,490,382,34.12773722627737
1771,505,390,26.43795620437956
1772,520,382,14.197080291970803
1773,535,390,33.456204379562045
1774,550,382,18.525547445255473
1775,565,390,16.445255474452555
1776,580,382,17.952554744525546
1777,595,390,11.967153284671532
1778,610,382,17.686131386861312
1779,625,390,17.23722627737226
1780,640,382,29.83941605839416
1781,655,390,61.57299270072993
1782,670,382,36.40875912408759
1783,685,390,44.26642335766423
1784,700,382,37.62773722627737
1785,715,390,64.9051094890511
1786,730,382,173.7956204379562
1787,745,390,175.7992700729927
1788,760,382,190.56934306569343
1789,775,390,182.53284671532847
1790,790,382,201.27007299270073
1791,805,390,180.98540145985402
1792,820,382,197.5839416058394
1793,835,390,183.62773722627736
1794,850,382,197.01094890510947
1795,865,390,179.56934306569343
1796,880,382,195.18613138686132
1797,895,390,172.9963503649635
1798,910,382,197.63138686131387
1799,925,390,168.51459854014598
1800,940,382,211.57664233576642
1801,955,390,178.36861313868613
1802,970,382,229.36131386861314
1803,985,390,205.13138686131387
1804,1000,382,236.23722627737226
1805,1015,390,232.54744525547446
1806,1030,382,238.70437956204378
1807,1045,390,237.8832116788321
1808,1060,382,239.39416058394158
1809,1075,390,238.52189781021897
1810,1090,382,236.23722627737226
1811,1105,390,235.62043795620437
1812,1120,382,235.89416058394158
1813,1135,390,235.8978102189781
1814,1150,382,237.3905109489051
1815,1165,390,238.41970802919707
1816,1180,382,238.7810218978102
1817,10,399,123.11313868613138
1818,25,407,104.88321167883211
1819,40,399,139.9160583941606
1820,55,407,105.53649635036496
1821,70,399,155.3941605839416
1822,85,407,113.42700729927007
1823,100,399,140.26277372262774
1824,115,407,115.66058394160584
1825,130,399,125.32846715328466
1826,145,407,114.58759124087591
1827,160,399,118.19708029197079
1828,175,407,105.72627737226277
1829,190,399,107.91240875912409
1830,205,407,108.54014598540145
1831,220,399,104.45985401459853
1832,235,407,114.31021897810218
1833,250,399,116.31751824817518
1834,265,407,114.7992700729927
1835,280,399,105.93430656934306
1836,295,407,118.52554744525547
1837,310,399,109.48540145985402
1838,325,407,128.4963503649635
1839,340,399,122.78467153284672
1840,355,407,137.82116788321167
1841,370,399,130.24817518248176
1842,385,407,152.86496350364962
1843,400,399,144.42700729927006
1844,415,407,169.9890510948905
1845,430,399,157.70437956204378
1846,445,407,176.01459854014598
1847,460,399,168.77737226277372
1848,475,407,115.67153284671532
1849,490,399,33.02554744525548
1850,505,407,107.51459854014598
1851,520,399,139.492700729927
1852,535,407,185.34306569343065
1853,550,399,54.33941605839416
1854,565,407,51.131386861313864
1855,580,399,35.47810218978102
1856,595,407,109.1934306569343
1857,610,399,12.905109489051094
1858,625,407,35.083941605839414
1859,640,399,80.31386861313868
1860,655,407,181.48540145985402
1861,670,399,83.52919708029196
1862,685,407,85.05474452554745
1863,700,399,15.784671532846716
1864,715,407,37.434306569343065
1865,730,399,162.14598540145985
1866,745,407,176.992700729927
1867,760,399,179.66788321167883
1868,775,407,170.94160583941604
1869,790,399,178.56934306569343
1870,805,407,162.12773722627736
1871,820,399,172.37591240875912
1872,835,407,152.2956204379562
1873,850,399,160.23722627737226
1874,865,407,144.3795620437956
1875,880,399,155.98540145985402
1876,895,407,137.95255474452554
1877,910,399,147.0875912408759
1878,925,407,131.42700729927006
1879,940,399,148.26642335766422
1880,955,407,134.77007299270073
1881,970,399,142.26277372262774
1882,985,407,132.2956204379562
1883,1000,399,163.6970802919708
1884,1015,407,133.47810218978103
1885,1030,399,197.51094890510947
1886,1045,407,157.52554744525546
1887,1060,399,228.7007299270073
1888,1075,407,195.8905109489051
1889,1090,399,237.93795620437956
1890,1105,407,225.72992700729927
1891,1120,399,235.52919708029196
1892,1135,407,237.92700729927006
1893,1150,399,237.03649635036496
1894,1165,407,239.42335766423358
1895,1180,399,240.16423357664232
1896,10,416,102.35036496350365
1897,25,424,110.27372262773723
1898,40,416,110.18248175182481
1899,55,424,116.16058394160584
1900,70,416,110.67153284671532
1901,85,424,123.56204379562044
1902,100,416,114.44890510948905
1903,115,424,125.15693430656934
1904,130,416,113.01824817518248
1905,145,424,131.97810218978103
1906,160,416,115.2043795620438
1907,175,424,145.8978102189781
1908,190,416,128.68613138686132
1909,205,424,155.8175182481752
1910,220,416,134.94160583941604
1911,235,424,165.43430656934305
1912,250,416,139.5802919708029
1913,265,424,172.62043795620437
1914,280,416,145.41240875912408
1915,295,424,180.45620437956202
1916,310,416,153.14598540145985
1917,325,424,187.492700729927
1918,340,416,162.44160583941604
1919,355,424,190.90510948905109
1920,370,416,177.36861313868613
1921,385,424,192.21532846715328
1922,400,416,187.51459854014598
1923,415,424,191.11313868613138
1924,430,416,187.85036496350364
1925,445,424,186.5912408759124
1926,460,416,186.33941605839416
1927,475,424,183.36496350364962
1928,490,416,184.82116788321167
1929,505,424,182.6824817518248
1930,520,416,186.7956204379562
1931,535,424,182.3905109489051
1932,550,416,167.27737226277372
1933,565,424,179.20437956204378
1934,580,416,104.35036496350365
1935,595,424,179.95255474452554
1936,610,416,49.86496350364963
1937,625,424,163.34306569343065
1938,640,416,165.32116788321167
1939,655,424,178.56569343065692
1940,670,416,183.32481751824818
1941,685,424,182.47080291970804
1942,700,416,58.193430656934304
1943,715,424,183.6094890510949
1944,730,416,164.64233576642334
1945,745,424,180.24452554744525
1946,760,416,174.33941605839416
1947,775,424,178.78467153284672
1948,790,416,166.13503649635035
1949,805,424,174.44525547445255
1950,820,416,160.43795620437956
1951,835,424,168.5875912408759
1952,850,416,153.11313868613138
1953,865,424,164.0802919708029
1954,880,416,146.25547445255475
1955,895,424,150.96715328467153
1956,910,416,127.98905109489051
1957,925,424,140.1970802919708
1958,940,416,122.75182481751824
1959,955,424,127.94525547445255
1960,970,416,123.52189781021897
1961,985,424,124.88321167883211
1962,1000,416,124.31386861313868
1963,1015,424,129.4014598540146
1964,1030,416,121.01824817518248
1965,1045,424,144.6934306569343
1966,1060,416,136.38686131386862
1967,1075,424,166.54379562043795
1968,1090,416,164.77737226277372
1969,1105,424,171.25182481751824
1970,1120,416,197.02919708029196
1971,1135,424,177.68613138686132
1972,1150,416,217.86861313868613
1973,1165,424,184.22992700729927
1974,1180,416,222.86861313868613
1975,10,433,121.60583941605839
1976,25,441,141.71897810218977
1977,40,433,127.31021897810218
1978,55,441,149.4160583941606
1979,70,433,137.85401459854015
1980,85,441,154.82481751824818
1981,100,433,146.3175182481752
1982,115,441,159.97810218978103
1983,130,433,153.56204379562044
1984,145,441,167.91240875912408
1985,160,433,165.21897810218977
1986,175,441,172.3795620437956
1987,190,433,169.9890510948905
1988,205,441,177.16058394160584
1989,220,433,177.22262773722628
1990,235,441,179.21897810218977
1991,250,433,184.03284671532847
1992,265,441,180.90510948905109
1993,280,433,185.93430656934305
1994,295,441,184.75182481751824
1995,310,433,189.66788321167883
1996,325,441,184.0985401459854
1997,340,433,189.34671532846716
1998,355,441,185.66423357664232
1999,370,433,189.91970802919707
2000,385,441,183.1021897810219
2001,400,433,186.55109489051094
2002,415,441,180.8978102189781
2003,430,433,187.26277372262774
2004,445,441,181.47445255474452
2005,460,433,182.54379562043795
2006,475,441,179.54014598540147
2007,490,433,183.77007299270073
2008,505,441,193.85036496350364
2009,520,433,183.26277372262774
2010,535,441,202.06934306569343
2011,550,433,191.3868613138686
2012,565,441,208.24087591240874
2013,580,433,196.5
2014,595,441,207.97080291970804
2015,610,433,67.69343065693431
2016,625,441,194.03284671532847
2017,640,433,195.1824817518248
2018,655,441,205.53284671532845
2019,670,433,196.17883211678833
2020,685,441,201.17883211678833
2021,700,433,198.0985401459854
2022,715,441,197.7992700729927
2023,730,433,198.1058394160584
2024,745,441,197.0
2025,760,433,198.22627737226276
2026,775,441,197.81021897810217
2027,790,433,196.72627737226276
2028,805,441,201.15693430656933
2029,820,433,191.24817518248176
2030,835,441,199.01094890510947
2031,850,433,186.7992700729927
2032,865,441,194.53649635036496
2033,880,433,179.97445255474452
2034,895,441,189.66788321167883
2035,910,433,172.1824817518248
2036,925,441,182.20437956204378
2037,940,433,165.1824817518248
2038,955,441,181.95620437956202
2039,970,433,160.34306569343065
2040,985,441,184.74817518248176
2041,1000,433,161.98540145985402
2042,1015,441,185.91240875912408
2043,1030,433,175.7007299270073
2044,1045,441,189.26642335766422
2045,1060,433,185.71897810218977
2046,1075,441,186.62408759124088
2047,1090,433,182.48540145985402
2048,1105,441,184.1897810218978
2049,1120,433,180.4014598540146
2050,1135,441,182.6897810218978
2051,1150,433,177.90510948905109
2052,1165,441,182.37591240875912
2053,1180,433,178.86861313868613
2054,10,450,153.3065693430657
2055,25,458,179.31386861313868
2056,40,450,155.2810218978102
2057,55,458,177.3722627737226
2058,70,450,159.42700729927006
2059,85,458,179.76277372262774
2060,100,450,163.17153284671534
2061,115,458,181.98540145985402
2062,130,450,167.47810218978103
2063,145,458,181.52554744525546
2064,160,450,168.62043795620437
2065,175,458,183.7080291970803
2066,190,450,172.2992700729927
2067,205,458,180.4963503649635
2068,220,450,173.55839416058393
2069,235,458,181.13138686131387
2070,250,450,172.7810218978102
2071,265,458,182.95985401459853
2072,280,450,175.35036496350364
2073,295,458,180.9817518248175
2074,310,450,173.45620437956202
2075,325,458,176.9890510948905
2076,340,450,172.75182481751824
2077,355,458,173.3175182481752
2078,370,450,171.91240875912408
2079,385,458,174.33941605839416
2080,400,450,168.75912408759123
2081,415,458,183.55109489051094
2082,430,450,171.77007299270073
2083,445,458,201.492700729927
2084,460,450,184.62773722627736
2085,475,458,215.6934306569343
2086,490,450,205.15693430656933
2087,505,458,215.42700729927006
2088,520,450,212.85401459854015
2089,535,458,201.73357664233575
2090,550,450,209.71532846715328
2091,565,458,151.492700729927
2092,580,450,187.54379562043795
2093,595,458,85.72262773722628
2094,610,450,39.003649635036496
2095,625,458,79.98540145985402
2096,640,450,166.50364963503648
2097,655,458,116.1934306569343
2098,670,450,181.73722627737226
2099,685,458,140.27007299270073
2100,700,450,192.52554744525546
2101,715,458,170.992700729927
2102,730,450,196.73357664233575
2103,745,458,190.9160583941606
2104,760,450,197.47445255474452
2105,775,458,201.22992700729927
2106,790,450,197.31751824817516
2107,805,458,201.02919708029196
2108,820,450,196.28467153284672
2109,835,458,199.46715328467153
2110,850,450,192.54379562043795
2111,865,458,195.6897810218978
2112,880,450,193.02189781021897
2113,895,458,193.03284671532847
2114,910,450,189.75547445255475
2115,925,458,191.25547445255475
2116,940,450,189.85766423357663
2117,955,458,194.007299270073
2118,970,450,189.35766423357663
2119,985,458,192.5
2120,1000,450,189.82116788321167
2121,1015,458,191.64233576642334
2122,1030,450,190.4160583941606
2123,1045,458,189.33576642335765
2124,1060,450,190.22262773722628
2125,1075,458,187.75912408759123
2126,1090,450,187.16058394160584
2127,1105,458,183.33576642335765
2128,1120,450,185.18613138686132
2129,1135,458,182.33211678832117
2130,1150,450,184.25547445255475
2131,1165,458,179.26277372262774
2132,1180,450,181.16423357664232
2133,10,467,199.03649635036496
2134,25,475,197.92700729927006
2135,40,467,199.5729927007299
2136,55,475,196.21532846715328
2137,70,467,191.77007299270073
2138,85,475,194.53284671532847
2139,100,467,195.5
2140,115,475,196.28467153284672
2141,130,467,197.43065693430657
2142,145,475,196.02919708029196
2143,160,467,194.7883211678832
2144,175,475,196.34306569343065
2145,190,467,194.72992700729927
2146,205,475,194.63138686131387
2147,220,467,191.83576642335765
2148,235,475,194.62043795620437
2149,250,467,194.41240875912408
2150,265,475,195.13138686131387
2151,280,467,197.94890510948903
2152,295,475,198.04379562043795
2153,310,467,200.45255474452554
2154,325,475,204.45985401459853
2155,340,467,199.54014598540147
2156,355,475,206.6824817518248
2157,370,467,200.2919708029197
2158,385,475,208.9160583941606
2159,400,467,208.82481751824818
2160,415,475,206.6970802919708
2161,430,467,213.91240875912408
2162,445,475,200.45985401459853
2163,460,467,211.81021897810217
2164,475,475,187.0802919708029
2165,490,467,199.55109489051094
2166,505,475,134.59489051094891
2167,520,467,162.6934306569343
2168,535,475,92.98905109489051
2169,550,467,105.78467153284672
2170,565,475,87.77007299270073
2171,580,467,77.93065693430657
2172,595,475,91.65693430656934
2173,610,467,82.17883211678831
2174,625,475,97.78467153284672
2175,640,467,93.8905109489051
2176,655,475,105.22262773722628
2177,670,467,99.17518248175182
2178,685,475,112.60948905109488
2179,700,467,108.88321167883211
2180,715,475,119.8978102189781
2181,730,467,130.12408759124088
2182,745,475,122.43430656934306
2183,760,467,157.62408759124088
2184,775,475,137.85401459854015
2185,790,467,185.05839416058393
2186,805,475,169.4160583941606
2187,820,467,196.44525547445255
2188,835,475,180.2080291970803
2189,850,467,194.01459854014598
2190,865,475,187.72992700729927
2191,880,467,193.4087591240876
2192,895,475,190.5802919708029
2193,910,467,191.02189781021897
2194,925,475,190.1715328467153
2195,940,467,192.5912408759124
2196,955,475,190.5839416058394
2197,970,467,191.74087591240874
2198,985,475,186.81021897810217
2199,1000,467,190.52189781021897
2200,1015,475,182.6824817518248
2201,1030,467,186.5948905109489
2202,1045,475,179.95985401459853
2203,1060,467,183.40510948905109
2204,1075,475,175.86496350364962
2205,1090,467,180.26642335766422
2206,1105,475,174.01824817518246
2207,1120,467,178.41240875912408
2208,1135,475,174.77737226277372
2209,1150,467,176.77007299270073
2210,1165,475,170.71532846715328
2211,1180,467,172.00364963503648
2212,10,484,186.14233576642334
2213,25,492,172.48540145985402
2214,40,484,188.62408759124088
2215,55,492,174.46350364963504
2216,70,484,186.9160583941606
2217,85,492,177.21532846715328
2218,100,484,189.27372262773721
2219,115,492,176.68613138686132
2220,130,484,185.35766423357663
2221,145,492,170.25547445255475
2222,160,484,185.2883211678832
2223,175,492,174.6094890510949
2224,190,484,186.16788321167883
2225,205,492,177.93795620437956
2226,220,484,188.1167883211679
2227,235,492,178.98540145985402
2228,250,484,191.41970802919707
2229,265,492,183.54379562043795
2230,280,484,189.11313868613138
2231,295,492,187.46350364963504
2232,310,484,190.05839416058393
2233,325,492,188.0875912408759
2234,340,484,196.73722627737226
2235,355,492,190.007299270073
2236,370,484,197.74087591240874
2237,385,492,193.73357664233575
2238,400,484,200.64963503649633
2239,415,492,197.46350364963504
2240,430,484,197.13503649635035
2241,445,492,196.4890510948905
2242,460,484,189.12043795620437
2243,475,492,182.42700729927006
2244,490,484,141.8832116788321
2245,505,492,148.32116788321167
2246,520,484,109.72627737226277
2247,535,492,136.4963503649635
2248,550,484,108.86496350364963
2249,565,492,135.0
2250,580,484,107.98905109489051
2251,595,492,136.2956204379562
2252,610,484,107.75547445255474
2253,625,492,144.96715328467153
2254,640,484,110.5036496350365
2255,655,492,147.85401459854015
2256,670,484,115.0912408759124
2257,685,492,154.84306569343065
2258,700,484,126.82846715328466
2259,715,492,166.36131386861314
2260,730,484,138.63503649635035
2261,745,492,173.4160583941606
2262,760,484,147.0912408759124
2263,775,492,178.0
2264,790,484,162.1167883211679
2265,805,492,177.13138686131387
2266,820,484,179.85401459854015
2267,835,492,178.74087591240874
2268,850,484,185.67518248175182
2269,865,492,178.66058394160584
2270,880,484,191.46715328467153
2271,895,492,183.05109489051094
2272,910,484,190.43065693430657
2273,925,492,182.3978102189781
2274,940,484,186.71532846715328
2275,955,492,182.23357664233575
2276,970,484,184.43430656934305
2277,985,492,179.6970802919708
2278,1000,484,179.0875912408759
2279,1015,492,171.71897810218977
2280,1030,484,172.82846715328466
2281,1045,492,167.28467153284672
2282,1060,484,175.7007299270073
2283,1075,492,165.95620437956205
2284,1090,484,172.55474452554745
2285,1105,492,161.02189781021897
2286,1120,484,171.2956204379562
2287,1135,492,159.55839416058393
2288,1150,484,168.7883211678832
2289,1165,492,154.88686131386862
2290,1180,484,167.91970802919707
2291,10,501,163.4087591240876
2292,25,509,156.27007299270073
2293,40,501,159.3795620437956
2294,55,509,156.6058394160584
2295,70,501,166.992700729927
2296,85,509,162.1970802919708
2297,100,501,166.1897810218978
2298,115,509,164.92335766423358
2299,130,501,165.7080291970803
2300,145,509,167.74452554744525
2301,160,501,169.34306569343065
2302,175,509,169.6058394160584
2303,190,501,173.88686131386862
2304,205,509,171.0912408759124
2305,220,501,175.01094890510947
2306,235,509,168.64963503649633
2307,250,501,175.36131386861314
2308,265,509,174.06934306569343
2309,280,501,181.12043795620437
2310,295,509,177.83211678832117
2311,310,501,186.55474452554745
2312,325,509,183.02919708029196
2313,340,501,186.992700729927
2314,355,509,185.95255474452554
2315,370,501,187.52919708029196
2316,385,509,187.10218978102188
2317,400,501,193.05839416058393
2318,415,509,185.5948905109489
2319,430,501,195.46350364963504
2320,445,509,192.73357664233575
2321,460,501,197.1824817518248
2322,475,509,196.7080291970803
2323,490,501,190.47810218978103
2324,505,509,200.83211678832117
2325,520,501,182.96350364963504
2326,535,509,199.71532846715328
2327,550,501,177.75912408759123
2328,565,509,202.14963503649633
2329,580,501,180.01459854014598
2330,595,509,201.01459854014598
2331,610,501,184.35766423357663
2332,625,509,201.16423357664232
2333,640,501,187.23357664233575
2334,655,509,197.6715328467153
2335,670,501,188.8832116788321
2336,685,509,193.74817518248176
2337,700,501,189.9160583941606
2338,715,509,186.2080291970803
2339,730,501,187.17518248175182
2340,745,509,183.95985401459853
2341,760,501,182.3795620437956
2342,775,509,176.78467153284672
2343,790,501,173.64598540145985
2344,805,509,172.36496350364962
2345,820,501,171.8832116788321
2346,835,509,165.85036496350364
2347,850,501,169.84306569343065
2348,865,509,170.05839416058393
2349,880,501,171.7992700729927
2350,895,509,171.17518248175182
2351,910,501,170.85401459854015
2352,925,509,168.34306569343065
2353,940,501,170.54744525547446
2354,955,509,161.86861313868613
2355,970,501,170.53649635036496
2356,985,509,163.67153284671534
2357,1000,501,171.7919708029197
2358,1015,509,160.07664233576642
2359,1030,501,169.05109489051094
2360,1045,509,158.87591240875912
2361,1060,501,162.7992700729927
2362,1075,509,154.81386861313868
2363,1090,501,159.94160583941604
2364,1105,509,150.77737226277372
2365,1120,501,154.2810218978102
2366,1135,509,147.83576642335765
2367,1150,501,148.0912408759124
2368,1165,509,150.42700729927006
2369,1180,501,152.3065693430657
2370,10,518,153.01824817518246
2371,25,526,147.0839416058394
2372,40,518,154.95255474452554
2373,55,526,150.2956204379562
2374,70,518,157.33941605839416
2375,85,526,149.91240875912408
2376,100,518,157.0985401459854
2377,115,526,152.83941605839416
2378,130,518,158.35401459854015
2379,145,526,152.35036496350364
2380,160,518,162.52919708029196
2381,175,526,158.75912408759123
2382,190,518,161.94525547445255
2383,205,526,160.35401459854015
2384,220,518,164.50364963503648
2385,235,526,161.45985401459853
2386,250,518,164.01459854014598
2387,265,526,160.7080291970803
2388,280,518,166.55474452554745
2389,295,526,163.22627737226276
2390,310,518,173.1715328467153
2391,325,526,167.48540145985402
2392,340,518,178.74817518248176
2393,355,526,171.05109489051094
2394,370,518,178.32481751824818
2395,385,526,176.36861313868613
2396,400,518,179.1897810218978
2397,415,526,177.12408759124088
2398,430,518,181.7080291970803
2399,445,526,179.35401459854015
2400,460,518,186.44890510948903
2401,475,526,180.42700729927006
2402,490,518,191.6897810218978
2403,505,526,187.6897810218978
2404,520,518,194.23357664233575
2405,535,526,189.507299270073
2406,550,518,193.57664233576642
2407,565,526,189.9890510948905
2408,580,518,195.9014598540146
2409,595,526,193.34306569343065
2410,610,518,197.73357664233575
2411,625,526,197.1970802919708
2412,640,518,200.77007299270073
2413,655,526,202.91970802919707
2414,670,518,203.66423357664232
2415,685,526,203.61313868613138
2416,700,518,192.34306569343065
2417,715,526,194.3905109489051
2418,730,518,184.492700729927
2419,745,526,185.5875912408759
2420,760,518,178.97810218978103
2421,775,526,176.22262773722628
2422,790,518,172.61313868613138
2423,805,526,170.85036496350364
2424,820,518,168.64233576642334
2425,835,526,168.17153284671534
2426,850,518,166.48540145985402
2427,865,526,167.16423357664232
2428,880,518,166.98540145985402
2429,895,526,164.86496350364962
2430,910,518,162.13138686131387
2431,925,526,163.1058394160584
2432,940,518,160.53649635036496
2433,955,526,160.63503649635035
2434,970,518,161.97445255474452
2435,985,526,158.52919708029196
2436,1000,518,158.2007299270073
2437,1015,526,155.68613138686132
2438,1030,518,153.7956204379562
2439,1045,526,148.44160583941604
2440,1060,518,147.44160583941604
2441,1075,526,144.32846715328466
2442,1090,518,138.43065693430657
2443,1105,526,144.30291970802918
2444,1120,518,140.24087591240877
2445,1135,526,142.14963503649633
2446,1150,518,139.1934306569343
2447,1165,526,137.6058394160584
2448,1180,518,140.3941605839416
2449,10,535,145.55839416058393
2450,25,543,141.9160583941606
2451,40,535,143.1824817518248
2452,55,543,140.25182481751824
2453,70,535,148.22262773722628
2454,85,543,146.2992700729927
2455,100,535,144.01459854014598
2456,115,543,143.71167883211677
2457,130,535,150.06934306569343
2458,145,543,144.38686131386862
2459,160,535,147.7007299270073
2460,175,543,147.55474452554745
2461,190,535,153.6934306569343
2462,205,543,150.07664233576642
2463,220,535,155.90510948905109
2464,235,543,152.3722627737226
2465,250,535,158.1934306569343
2466,265,543,155.21167883211677
2467,280,535,159.9963503649635
2468,295,543,158.56569343065692
2469,310,535,161.84306569343065
2470,325,543,161.62773722627736
2471,340,535,162.70437956204378
2472,355,543,155.8941605839416
2473,370,535,165.88686131386862
2474,385,543,163.74817518248176
2475,400,535,169.3175182481752
2476,415,543,167.93065693430657
2477,430,535,172.85036496350364
2478,445,543,168.62773722627736
2479,460,535,171.91970802919707
2480,475,543,166.32846715328466
2481,490,535,178.34306569343065
2482,505,543,175.2992700729927
2483,520,535,182.2919708029197
2484,535,543,178.65693430656933
2485,550,535,180.37591240875912
2486,565,543,178.85401459854015
2487,580,535,187.92335766423358
2488,595,543,183.78467153284672
2489,610,535,191.7919708029197
2490,625,543,185.33576642335765
2491,640,535,195.4160583941606
2492,655,543,188.55109489051094
2493,670,535,195.26642335766422
2494,685,543,190.35766423357663
2495,700,535,195.24452554744525
2496,715,543,191.53649635036496
2497,730,535,195.81021897810217
2498,745,543,193.3978102189781
2499,760,535,191.93065693430657
2500,775,543,195.2080291970803
2501,790,535,180.97445255474452
2502,805,543,191.8175182481752
2503,820,535,176.62408759124088
2504,835,543,183.007299270073
2505,850,535,170.33211678832117
2506,865,543,175.72627737226276
2507,880,535,168.33211678832117
2508,895,543,172.23722627737226
2509,910,535,163.47080291970804
2510,925,543,163.9963503649635
2511,940,535,162.03649635036496
2512,955,543,157.45985401459853
2513,970,535,155.3905109489051
2514,985,543,151.65693430656933
2515,1000,535,155.507299270073
2516,1015,543,150.83211678832117
2517,1030,535,149.80291970802918
2518,1045,543,146.9087591240876
2519,1060,535,144.36861313868613
2520,1075,543,145.72262773722628
2521,1090,535,149.4890510948905
2522,1105,543,141.0729927007299
2523,1120,535,149.62773722627736
2524,1135,543,143.25182481751824
2525,1150,535,147.7992700729927
2526,1165,543,143.54744525547446
2527,1180,535,147.81386861313868
2528,10,552,137.9014598540146
2529,25,560,138.67153284671534
2530,40,552,139.1824817518248
2531,55,560,133.31386861313868
2532,70,552,141.26277372262774
2533,85,560,135.22992700729927
2534,100,552,138.0839416058394
2535,115,560,132.77737226277372
2536,130,552,138.47080291970804
2537,145,560,141.4087591240876
2538,160,552,140.76277372262774
2539,175,560,137.2810218978102
2540,190,552,145.3175182481752
2541,205,560,144.6021897810219
2542,220,552,149.7992700729927
2543,235,560,149.76277372262774
2544,250,552,149.94525547445255
2545,265,560,146.64598540145985
2546,280,552,153.9963503649635
2547,295,560,151.7919708029197
2548,310,552,153.16423357664232
2549,325,560,146.8905109489051
2550,340,552,147.75547445255475
2551,355,560,147.2810218978102
2552,370,552,152.21532846715328
2553,385,560,149.0948905109489
2554,400,552,162.05839416058393
2555,415,560,158.21897810218977
2556,430,552,167.56569343065692
2557,445,560,161.82846715328466
2558,460,552,166.83211678832117
2559,475,560,158.96715328467153
2560,490,552,164.04379562043795
2561,505,560,161.2810218978102
2562,520,552,171.31021897810217
2563,535,560,167.00364963503648
2564,550,552,171.6058394160584
2565,565,560,162.7080291970803
2566,580,552,174.2080291970803
2567,595,560,170.73722627737226
2568,610,552,174.1167883211679
2569,625,560,174.41970802919707
2570,640,552,179.91970802919707
2571,655,560,180.5729927007299
2572,670,552,184.74087591240874
2573,685,560,182.0912408759124
2574,700,552,184.43065693430657
2575,715,560,180.21897810218977
2576,730,552,184.95255474452554
2577,745,560,184.92700729927006
2578,760,552,185.86131386861314
2579,775,560,185.51094890510947
2580,790,552,195.84306569343065
2581,805,560,188.5912408759124
2582,820,552,198.1058394160584
2583,835,560,194.6058394160584
2584,850,552,193.77007299270073
2585,865,560,199.7883211678832
2586,880,552,184.91970802919707
2587,895,560,193.04379562043795
2588,910,552,179.57664233576642
2589,925,560,184.22627737226276
2590,940,552,169.80291970802918
2591,955,560,173.16058394160584
2592,970,552,155.17883211678833
2593,985,560,164.91240875912408
2594,1000,552,154.62773722627736
2595,1015,560,156.63503649635035
2596,1030,552,153.7992700729927
2597,1045,560,152.44525547445255
2598,1060,552,147.13503649635035
2599,1075,560,148.66788321167883
2600,1090,552,141.81386861313868
2601,1105,560,142.26277372262774
2602,1120,552,137.80291970802918
2603,1135,560,140.14233576642334
2604,1150,552,134.74817518248176
2605,1165,560,132.54379562043795
2606,1180,552,132.65328467153284
2607,10,569,128.56204379562044
2608,25,577,123.30656934306569
2609,40,569,130.24087591240877
2610,55,577,124.8941605839416
2611,70,569,127.22992700729927
2612,85,577,118.6861313868613
2613,100,569,122.96350364963503
2614,115,577,121.69708029197079
2615,130,569,135.5839416058394
2616,145,577,130.7992700729927
2617,160,569,136.77007299270073
2618,175,577,132.77372262773721
2619,190,569,136.992700729927
2620,205,577,135.72262773722628
2621,220,569,135.9160583941606
2622,235,577,132.06569343065692
2623,250,569,143.12043795620437
2624,265,577,136.45985401459853
2625,280,569,137.64233576642334
2626,295,577,135.93795620437956
2627,310,569,141.84306569343065
2628,325,577,136.3175182481752
2629,340,569,145.06569343065692
2630,355,577,143.35401459854015
2631,370,569,146.2919708029197
2632,385,577,145.33211678832117
2633,400,569,149.4160583941606
2634,415,577,152.30291970802918
2635,430,569,151.84671532846716
2636,445,577,152.63503649635035
2637,460,569,156.50364963503648
2638,475,577,153.2956204379562
2639,490,569,154.05109489051094
2640,505,577,146.34671532846716
2641,520,569,157.93795620437956
2642,535,577,152.5985401459854
2643,550,569,159.64598540145985
2644,565,577,157.77737226277372
2645,580,569,158.6058394160584
2646,595,577,161.31021897810217
2647,610,569,165.85036496350364
2648,625,577,167.507299270073
2649,640,569,173.35036496350364
2650,655,577,172.45985401459853
2651,670,569,178.11313868613138
2652,685,577,175.35766423357663
2653,700,569,178.26277372262774
2654,715,577,174.95985401459853
2655,730,569,180.18613138686132
2656,745,577,177.2810218978102
2657,760,569,181.77372262773721
2658,775,577,180.12773722627736
2659,790,569,183.13868613138686
2660,805,577,179.76642335766422
2661,820,569,184.5729927007299
2662,835,577,183.97810218978103
2663,850,569,188.21167883211677
2664,865,577,186.77372262773721
2665,880,569,195.5985401459854
2666,895,577,191.95985401459853
2667,910,569,201.1715328467153
2668,925,577,198.83941605839416
2669,940,569,190.64963503649633
2670,955,577,193.6715328467153
2671,970,569,184.3941605839416
2672,985,577,190.1094890510949
2673,1000,569,174.83211678832117
2674,1015,577,178.43795620437956
2675,1030,569,161.3832116788321
2676,1045,577,163.40510948905109
2677,1060,569,151.85766423357663
2678,1075,577,150.9087591240876
2679,1090,569,149.15693430656933
2680,1105,577,147.55839416058393
2681,1120,569,138.93795620437956
2682,1135,577,137.67518248175182
2683,1150,569,135.3722627737226
2684,1165,577,132.45255474452554
2685,1180,569,133.7080291970803
2686,10,586,114.54744525547444
2687,25,594,110.61313868613138
2688,40,586,111.63138686131387
2689,55,594,112.40875912408758
2690,70,586,116.22262773722628
2691,85,594,110.8905109489051
2692,100,586,115.32846715328466
2693,115,594,118.14598540145985
2694,130,586,122.58759124087591
2695,145,594,120.32481751824817
2696,160,586,128.51459854014598
2697,175,594,122.5985401459854
2698,190,586,129.4817518248175
2699,205,594,118.43065693430657
2700,220,586,126.7992700729927
2701,235,594,124.13868613138686
2702,250,586,131.09489051094891
2703,265,594,123.97445255474452
2704,280,586,132.37591240875912
2705,295,594,131.16423357664232
2706,310,586,132.24452554744525
2707,325,594,131.98540145985402
2708,340,586,138.86131386861314
2709,355,594,137.3065693430657
2710,370,586,136.83211678832117
2711,385,594,135.09489051094891
2712,400,586,140.56934306569343
2713,415,594,136.74817518248176
2714,430,586,145.2007299270073
2715,445,594,143.64233576642334
2716,460,586,143.1058394160584
2717,475,594,142.6970802919708
2718,490,586,149.507299270073
2719,505,594,150.2810218978102
2720,520,586,147.6897810218978
2721,535,594,146.9014598540146
2722,550,586,152.80291970802918
2723,565,594,144.8102189781022
2724,580,586,155.88686131386862
2725,595,594,149.02554744525548
2726,610,586,155.3941605839416
2727,625,594,153.27372262773721
2728,640,586,160.24452554744525
2729,655,594,154.37591240875912
2730,670,586,167.2007299270073
2731,685,594,157.63868613138686
2732,700,586,168.14963503649633
2733,715,594,163.62043795620437
2734,730,586,170.27007299270073
2735,745,594,164.4890510948905
2736,760,586,173.66788321167883
2737,775,594,168.492700729927
2738,790,586,175.51824817518246
2739,805,594,167.84671532846716
2740,820,586,167.95255474452554
2741,835,594,170.50364963503648
2742,850,586,179.1934306569343
2743,865,594,174.23357664233575
2744,880,586,183.01824817518246
2745,895,594,178.83576642335765
2746,910,586,184.9890510948905
2747,925,594,177.72262773722628
2748,940,586,189.63138686131387
2749,955,594,182.3175182481752
2750,970,586,195.35766423357663
2751,985,594,190.02189781021897
2752,1000,586,187.73357664233575
2753,1015,594,187.34671532846716
2754,1030,586,177.36861313868613
2755,1045,594,184.47810218978103
2756,1060,586,162.3795620437956
2757,1075,594,172.0802919708029
2758,1090,586,156.9890510948905
2759,1105,594,156.05474452554745
2760,1120,586,148.64963503649633
2761,1135,594,146.77372262773721
2762,1150,586,138.98540145985402
2763,1165,594,138.14598540145985
2764,1180,586,131.24087591240877
2765,10,603,105.63503649635037
2766,25,611,102.16058394160584
2767,40,603,109.72262773722628
2768,55,611,107.91240875912409
2769,70,603,111.87956204379562
2770,85,611,108.58394160583941
2771,100,603,111.14233576642336
2772,115,611,101.82116788321167
2773,130,603,108.44525547445255
2774,145,611,104.32116788321167
2775,160,603,113.60948905109488
2776,175,611,111.49270072992701
2777,190,603,116.8905109489051
2778,205,611,114.97080291970802
2779,220,603,111.37591240875912
2780,235,611,110.82846715328466
2781,250,603,116.21532846715328
2782,265,611,116.69708029197079
2783,280,603,124.16788321167883
2784,295,611,124.2080291970803
2785,310,603,127.7007299270073
2786,325,611,125.47810218978101
2787,340,603,129.88686131386862
2788,355,611,126.76277372262773
2789,370,603,136.86496350364962
2790,385,611,129.45620437956205
2791,400,603,137.47445255474452
2792,415,611,139.9160583941606
2793,430,603,138.77007299270073
2794,445,611,133.0
2795,460,603,144.62043795620437
2796,475,611,135.87591240875912
2797,490,603,133.96350364963504
2798,505,611,138.02554744525548
2799,520,603,144.12043795620437
2800,535,611,145.47810218978103
2801,550,603,146.54744525547446
2802,565,611,145.5875912408759
2803,580,603,140.14598540145985
2804,595,611,141.9087591240876
2805,610,603,146.42335766423358
2806,625,611,147.77007299270073
2807,640,603,151.37591240875912
2808,655,611,145.34671532846716
2809,670,603,152.492700729927
2810,685,611,151.62408759124088
2811,700,603,155.52554744525546
2812,715,611,154.44160583941604
2813,730,603,159.14233576642334
2814,745,611,157.06204379562044
2815,760,603,162.23722627737226
2816,775,611,157.51459854014598
2817,790,603,164.9087591240876
2818,805,611,161.81386861313868
2819,820,603,166.40510948905109
2820,835,611,163.8905109489051
2821,850,603,166.74087591240874
2822,865,611,163.97080291970804
2823,880,603,170.1167883211679
2824,895,611,166.5875912408759
2825,910,603,172.5985401459854
2826,925,611,163.1824817518248
2827,940,603,174.71532846715328
2828,955,611,169.11313868613138
2829,970,603,176.70437956204378
2830,985,611,173.1167883211679
2831,1000,603,180.65693430656933
2832,1015,611,177.85401459854015
2833,1030,603,188.04744525547446
2834,1045,611,181.83941605839416
2835,1060,603,185.95620437956202
2836,1075,611,185.7080291970803
2837,1090,603,181.13503649635035
2838,1105,611,180.4160583941606
2839,1120,603,158.02554744525546
2840,1135,611,163.1058394160584
2841,1150,603,144.97080291970804
2842,1165,611,146.36131386861314
2843,1180,603,140.1824817518248
2844,10,620,96.33211678832116
2845,40,620,99.55839416058394
2846,70,620,102.68248175182481
2847,100,620,104.13868613138686
2848,130,620,106.00729927007299
2849,160,620,100.31021897810218
2850,190,620,108.42700729927007
2851,220,620,106.23722627737226
2852,250,620,108.95985401459853
2853,280,620,115.61313868613138
2854,310,620,116.80656934306569
2855,340,620,122.08759124087591
2856,370,620,124.53649635036496
2857,400,620,127.58029197080292
2858,430,620,130.05839416058393
2859,460,620,135.16058394160584
2860,490,620,134.88686131386862
2861,520,620,135.2080291970803
2862,550,620,143.72992700729927
2863,580,620,145.4963503649635
2864,610,620,141.2883211678832
2865,640,620,144.64598540145985
2866,670,620,148.3905109489051
2867,700,620,151.9087591240876
2868,730,620,152.82846715328466
2869,760,620,151.7956204379562
2870,790,620,153.21532846715328
2871,820,620,157.95985401459853
2872,850,620,160.51824817518246
2873,880,620,162.0948905109489
2874,910,620,163.66058394160584
2875,940,620,159.17518248175182
2876,970,620,167.3722627737226
2877,1000,620,171.2007299270073
2878,1030,620,170.74817518248176
2879,1060,620,175.32846715328466
2880,1090,620,178.35401459854015
2881,1120,620,180.72992700729927
2882,1150,620,172.81021897810217
2883,1180,620,153.36496350364962
